# -*- coding: utf-8 -*-

# Resource object code
#
# Created by: The Resource Compiler for PyQt5 (Qt v5.15.2)
#
# WARNING! All changes made in this file will be lost!

from PyQt5 import QtCore

qt_resource_data = b"\
\x00\x00\x01\x31\
\x3c\
\x73\x76\x67\x20\x78\x6d\x6c\x6e\x73\x3d\x22\x68\x74\x74\x70\x3a\
\x2f\x2f\x77\x77\x77\x2e\x77\x33\x2e\x6f\x72\x67\x2f\x32\x30\x30\
\x30\x2f\x73\x76\x67\x22\x20\x77\x69\x64\x74\x68\x3d\x22\x33\x32\
\x22\x20\x68\x65\x69\x67\x68\x74\x3d\x22\x33\x32\x22\x20\x76\x69\
\x65\x77\x42\x6f\x78\x3d\x22\x30\x20\x30\x20\x32\x34\x20\x32\x34\
\x22\x20\x66\x69\x6c\x6c\x3d\x22\x6e\x6f\x6e\x65\x22\x20\x73\x74\
\x72\x6f\x6b\x65\x3d\x22\x23\x65\x36\x30\x35\x34\x30\x22\x20\x73\
\x74\x72\x6f\x6b\x65\x2d\x77\x69\x64\x74\x68\x3d\x22\x33\x22\x20\
\x73\x74\x72\x6f\x6b\x65\x2d\x6c\x69\x6e\x65\x63\x61\x70\x3d\x22\
\x72\x6f\x75\x6e\x64\x22\x20\x73\x74\x72\x6f\x6b\x65\x2d\x6c\x69\
\x6e\x65\x6a\x6f\x69\x6e\x3d\x22\x72\x6f\x75\x6e\x64\x22\x20\x63\
\x6c\x61\x73\x73\x3d\x22\x66\x65\x61\x74\x68\x65\x72\x20\x66\x65\
\x61\x74\x68\x65\x72\x2d\x61\x72\x72\x6f\x77\x2d\x75\x70\x22\x3e\
\x3c\x6c\x69\x6e\x65\x20\x78\x31\x3d\x22\x31\x32\x22\x20\x79\x31\
\x3d\x22\x31\x39\x22\x20\x78\x32\x3d\x22\x31\x32\x22\x20\x79\x32\
\x3d\x22\x35\x22\x3e\x3c\x2f\x6c\x69\x6e\x65\x3e\x3c\x70\x6f\x6c\
\x79\x6c\x69\x6e\x65\x20\x70\x6f\x69\x6e\x74\x73\x3d\x22\x35\x20\
\x31\x32\x20\x31\x32\x20\x35\x20\x31\x39\x20\x31\x32\x22\x3e\x3c\
\x2f\x70\x6f\x6c\x79\x6c\x69\x6e\x65\x3e\x3c\x2f\x73\x76\x67\x3e\
\
\x00\x00\x01\x3c\
\x3c\
\x73\x76\x67\x20\x78\x6d\x6c\x6e\x73\x3d\x22\x68\x74\x74\x70\x3a\
\x2f\x2f\x77\x77\x77\x2e\x77\x33\x2e\x6f\x72\x67\x2f\x32\x30\x30\
\x30\x2f\x73\x76\x67\x22\x20\x77\x69\x64\x74\x68\x3d\x22\x33\x32\
\x22\x20\x68\x65\x69\x67\x68\x74\x3d\x22\x33\x32\x22\x20\x76\x69\
\x65\x77\x42\x6f\x78\x3d\x22\x30\x20\x30\x20\x32\x34\x20\x32\x34\
\x22\x20\x66\x69\x6c\x6c\x3d\x22\x6e\x6f\x6e\x65\x22\x20\x73\x74\
\x72\x6f\x6b\x65\x3d\x22\x23\x65\x36\x30\x35\x34\x30\x22\x20\x73\
\x74\x72\x6f\x6b\x65\x2d\x77\x69\x64\x74\x68\x3d\x22\x33\x22\x20\
\x73\x74\x72\x6f\x6b\x65\x2d\x6c\x69\x6e\x65\x63\x61\x70\x3d\x22\
\x72\x6f\x75\x6e\x64\x22\x20\x73\x74\x72\x6f\x6b\x65\x2d\x6c\x69\
\x6e\x65\x6a\x6f\x69\x6e\x3d\x22\x72\x6f\x75\x6e\x64\x22\x20\x63\
\x6c\x61\x73\x73\x3d\x22\x66\x65\x61\x74\x68\x65\x72\x20\x66\x65\
\x61\x74\x68\x65\x72\x2d\x72\x6f\x74\x61\x74\x65\x2d\x63\x77\x22\
\x3e\x3c\x70\x6f\x6c\x79\x6c\x69\x6e\x65\x20\x70\x6f\x69\x6e\x74\
\x73\x3d\x22\x32\x33\x20\x34\x20\x32\x33\x20\x31\x30\x20\x31\x37\
\x20\x31\x30\x22\x3e\x3c\x2f\x70\x6f\x6c\x79\x6c\x69\x6e\x65\x3e\
\x3c\x70\x61\x74\x68\x20\x64\x3d\x22\x4d\x32\x30\x2e\x34\x39\x20\
\x31\x35\x61\x39\x20\x39\x20\x30\x20\x31\x20\x31\x2d\x32\x2e\x31\
\x32\x2d\x39\x2e\x33\x36\x4c\x32\x33\x20\x31\x30\x22\x3e\x3c\x2f\
\x70\x61\x74\x68\x3e\x3c\x2f\x73\x76\x67\x3e\
\x00\x00\x01\x56\
\x3c\
\x73\x76\x67\x20\x78\x6d\x6c\x6e\x73\x3d\x22\x68\x74\x74\x70\x3a\
\x2f\x2f\x77\x77\x77\x2e\x77\x33\x2e\x6f\x72\x67\x2f\x32\x30\x30\
\x30\x2f\x73\x76\x67\x22\x20\x77\x69\x64\x74\x68\x3d\x22\x33\x32\
\x22\x20\x68\x65\x69\x67\x68\x74\x3d\x22\x33\x32\x22\x20\x76\x69\
\x65\x77\x42\x6f\x78\x3d\x22\x30\x20\x30\x20\x32\x34\x20\x32\x34\
\x22\x20\x66\x69\x6c\x6c\x3d\x22\x6e\x6f\x6e\x65\x22\x20\x73\x74\
\x72\x6f\x6b\x65\x3d\x22\x23\x65\x36\x30\x35\x34\x30\x22\x20\x73\
\x74\x72\x6f\x6b\x65\x2d\x77\x69\x64\x74\x68\x3d\x22\x33\x22\x20\
\x73\x74\x72\x6f\x6b\x65\x2d\x6c\x69\x6e\x65\x63\x61\x70\x3d\x22\
\x72\x6f\x75\x6e\x64\x22\x20\x73\x74\x72\x6f\x6b\x65\x2d\x6c\x69\
\x6e\x65\x6a\x6f\x69\x6e\x3d\x22\x72\x6f\x75\x6e\x64\x22\x20\x63\
\x6c\x61\x73\x73\x3d\x22\x66\x65\x61\x74\x68\x65\x72\x20\x66\x65\
\x61\x74\x68\x65\x72\x2d\x69\x6e\x66\x6f\x22\x3e\x3c\x63\x69\x72\
\x63\x6c\x65\x20\x63\x78\x3d\x22\x31\x32\x22\x20\x63\x79\x3d\x22\
\x31\x32\x22\x20\x72\x3d\x22\x31\x30\x22\x3e\x3c\x2f\x63\x69\x72\
\x63\x6c\x65\x3e\x3c\x6c\x69\x6e\x65\x20\x78\x31\x3d\x22\x31\x32\
\x22\x20\x79\x31\x3d\x22\x31\x36\x22\x20\x78\x32\x3d\x22\x31\x32\
\x22\x20\x79\x32\x3d\x22\x31\x32\x22\x3e\x3c\x2f\x6c\x69\x6e\x65\
\x3e\x3c\x6c\x69\x6e\x65\x20\x78\x31\x3d\x22\x31\x32\x22\x20\x79\
\x31\x3d\x22\x38\x22\x20\x78\x32\x3d\x22\x31\x32\x2e\x30\x31\x22\
\x20\x79\x32\x3d\x22\x38\x22\x3e\x3c\x2f\x6c\x69\x6e\x65\x3e\x3c\
\x2f\x73\x76\x67\x3e\
\x00\x00\x01\x4c\
\x3c\
\x73\x76\x67\x20\x78\x6d\x6c\x6e\x73\x3d\x22\x68\x74\x74\x70\x3a\
\x2f\x2f\x77\x77\x77\x2e\x77\x33\x2e\x6f\x72\x67\x2f\x32\x30\x30\
\x30\x2f\x73\x76\x67\x22\x20\x77\x69\x64\x74\x68\x3d\x22\x33\x32\
\x22\x20\x68\x65\x69\x67\x68\x74\x3d\x22\x33\x32\x22\x20\x76\x69\
\x65\x77\x42\x6f\x78\x3d\x22\x30\x20\x30\x20\x32\x34\x20\x32\x34\
\x22\x20\x66\x69\x6c\x6c\x3d\x22\x6e\x6f\x6e\x65\x22\x20\x73\x74\
\x72\x6f\x6b\x65\x3d\x22\x23\x65\x36\x30\x35\x34\x30\x22\x20\x73\
\x74\x72\x6f\x6b\x65\x2d\x77\x69\x64\x74\x68\x3d\x22\x33\x22\x20\
\x73\x74\x72\x6f\x6b\x65\x2d\x6c\x69\x6e\x65\x63\x61\x70\x3d\x22\
\x72\x6f\x75\x6e\x64\x22\x20\x73\x74\x72\x6f\x6b\x65\x2d\x6c\x69\
\x6e\x65\x6a\x6f\x69\x6e\x3d\x22\x72\x6f\x75\x6e\x64\x22\x20\x63\
\x6c\x61\x73\x73\x3d\x22\x66\x65\x61\x74\x68\x65\x72\x20\x66\x65\
\x61\x74\x68\x65\x72\x2d\x66\x69\x6c\x65\x22\x3e\x3c\x70\x61\x74\
\x68\x20\x64\x3d\x22\x4d\x31\x33\x20\x32\x48\x36\x61\x32\x20\x32\
\x20\x30\x20\x30\x20\x30\x2d\x32\x20\x32\x76\x31\x36\x61\x32\x20\
\x32\x20\x30\x20\x30\x20\x30\x20\x32\x20\x32\x68\x31\x32\x61\x32\
\x20\x32\x20\x30\x20\x30\x20\x30\x20\x32\x2d\x32\x56\x39\x7a\x22\
\x3e\x3c\x2f\x70\x61\x74\x68\x3e\x3c\x70\x6f\x6c\x79\x6c\x69\x6e\
\x65\x20\x70\x6f\x69\x6e\x74\x73\x3d\x22\x31\x33\x20\x32\x20\x31\
\x33\x20\x39\x20\x32\x30\x20\x39\x22\x3e\x3c\x2f\x70\x6f\x6c\x79\
\x6c\x69\x6e\x65\x3e\x3c\x2f\x73\x76\x67\x3e\
\x00\x00\x01\x2f\
\x3c\
\x73\x76\x67\x20\x78\x6d\x6c\x6e\x73\x3d\x22\x68\x74\x74\x70\x3a\
\x2f\x2f\x77\x77\x77\x2e\x77\x33\x2e\x6f\x72\x67\x2f\x32\x30\x30\
\x30\x2f\x73\x76\x67\x22\x20\x77\x69\x64\x74\x68\x3d\x22\x33\x32\
\x22\x20\x68\x65\x69\x67\x68\x74\x3d\x22\x33\x32\x22\x20\x76\x69\
\x65\x77\x42\x6f\x78\x3d\x22\x30\x20\x30\x20\x32\x34\x20\x32\x34\
\x22\x20\x66\x69\x6c\x6c\x3d\x22\x6e\x6f\x6e\x65\x22\x20\x73\x74\
\x72\x6f\x6b\x65\x3d\x22\x23\x65\x36\x30\x35\x34\x30\x22\x20\x73\
\x74\x72\x6f\x6b\x65\x2d\x77\x69\x64\x74\x68\x3d\x22\x33\x22\x20\
\x73\x74\x72\x6f\x6b\x65\x2d\x6c\x69\x6e\x65\x63\x61\x70\x3d\x22\
\x72\x6f\x75\x6e\x64\x22\x20\x73\x74\x72\x6f\x6b\x65\x2d\x6c\x69\
\x6e\x65\x6a\x6f\x69\x6e\x3d\x22\x72\x6f\x75\x6e\x64\x22\x20\x63\
\x6c\x61\x73\x73\x3d\x22\x66\x65\x61\x74\x68\x65\x72\x20\x66\x65\
\x61\x74\x68\x65\x72\x2d\x73\x65\x61\x72\x63\x68\x22\x3e\x3c\x63\
\x69\x72\x63\x6c\x65\x20\x63\x78\x3d\x22\x31\x31\x22\x20\x63\x79\
\x3d\x22\x31\x31\x22\x20\x72\x3d\x22\x38\x22\x3e\x3c\x2f\x63\x69\
\x72\x63\x6c\x65\x3e\x3c\x6c\x69\x6e\x65\x20\x78\x31\x3d\x22\x32\
\x31\x22\x20\x79\x31\x3d\x22\x32\x31\x22\x20\x78\x32\x3d\x22\x31\
\x36\x2e\x36\x35\x22\x20\x79\x32\x3d\x22\x31\x36\x2e\x36\x35\x22\
\x3e\x3c\x2f\x6c\x69\x6e\x65\x3e\x3c\x2f\x73\x76\x67\x3e\
\x00\x00\x01\x8b\
\x3c\
\x73\x76\x67\x20\x78\x6d\x6c\x6e\x73\x3d\x22\x68\x74\x74\x70\x3a\
\x2f\x2f\x77\x77\x77\x2e\x77\x33\x2e\x6f\x72\x67\x2f\x32\x30\x30\
\x30\x2f\x73\x76\x67\x22\x20\x77\x69\x64\x74\x68\x3d\x22\x33\x32\
\x22\x20\x68\x65\x69\x67\x68\x74\x3d\x22\x33\x32\x22\x20\x76\x69\
\x65\x77\x42\x6f\x78\x3d\x22\x30\x20\x30\x20\x32\x34\x20\x32\x34\
\x22\x20\x66\x69\x6c\x6c\x3d\x22\x6e\x6f\x6e\x65\x22\x20\x73\x74\
\x72\x6f\x6b\x65\x3d\x22\x23\x65\x36\x30\x35\x34\x30\x22\x20\x73\
\x74\x72\x6f\x6b\x65\x2d\x77\x69\x64\x74\x68\x3d\x22\x33\x22\x20\
\x73\x74\x72\x6f\x6b\x65\x2d\x6c\x69\x6e\x65\x63\x61\x70\x3d\x22\
\x72\x6f\x75\x6e\x64\x22\x20\x73\x74\x72\x6f\x6b\x65\x2d\x6c\x69\
\x6e\x65\x6a\x6f\x69\x6e\x3d\x22\x72\x6f\x75\x6e\x64\x22\x20\x63\
\x6c\x61\x73\x73\x3d\x22\x66\x65\x61\x74\x68\x65\x72\x20\x66\x65\
\x61\x74\x68\x65\x72\x2d\x69\x6e\x73\x74\x61\x67\x72\x61\x6d\x22\
\x3e\x3c\x72\x65\x63\x74\x20\x78\x3d\x22\x32\x22\x20\x79\x3d\x22\
\x32\x22\x20\x77\x69\x64\x74\x68\x3d\x22\x32\x30\x22\x20\x68\x65\
\x69\x67\x68\x74\x3d\x22\x32\x30\x22\x20\x72\x78\x3d\x22\x35\x22\
\x20\x72\x79\x3d\x22\x35\x22\x3e\x3c\x2f\x72\x65\x63\x74\x3e\x3c\
\x70\x61\x74\x68\x20\x64\x3d\x22\x4d\x31\x36\x20\x31\x31\x2e\x33\
\x37\x41\x34\x20\x34\x20\x30\x20\x31\x20\x31\x20\x31\x32\x2e\x36\
\x33\x20\x38\x20\x34\x20\x34\x20\x30\x20\x30\x20\x31\x20\x31\x36\
\x20\x31\x31\x2e\x33\x37\x7a\x22\x3e\x3c\x2f\x70\x61\x74\x68\x3e\
\x3c\x6c\x69\x6e\x65\x20\x78\x31\x3d\x22\x31\x37\x2e\x35\x22\x20\
\x79\x31\x3d\x22\x36\x2e\x35\x22\x20\x78\x32\x3d\x22\x31\x37\x2e\
\x35\x31\x22\x20\x79\x32\x3d\x22\x36\x2e\x35\x22\x3e\x3c\x2f\x6c\
\x69\x6e\x65\x3e\x3c\x2f\x73\x76\x67\x3e\
\x00\x00\x01\x3c\
\x3c\
\x73\x76\x67\x20\x78\x6d\x6c\x6e\x73\x3d\x22\x68\x74\x74\x70\x3a\
\x2f\x2f\x77\x77\x77\x2e\x77\x33\x2e\x6f\x72\x67\x2f\x32\x30\x30\
\x30\x2f\x73\x76\x67\x22\x20\x77\x69\x64\x74\x68\x3d\x22\x33\x32\
\x22\x20\x68\x65\x69\x67\x68\x74\x3d\x22\x33\x32\x22\x20\x76\x69\
\x65\x77\x42\x6f\x78\x3d\x22\x30\x20\x30\x20\x32\x34\x20\x32\x34\
\x22\x20\x66\x69\x6c\x6c\x3d\x22\x6e\x6f\x6e\x65\x22\x20\x73\x74\
\x72\x6f\x6b\x65\x3d\x22\x23\x65\x36\x30\x35\x34\x30\x22\x20\x73\
\x74\x72\x6f\x6b\x65\x2d\x77\x69\x64\x74\x68\x3d\x22\x33\x22\x20\
\x73\x74\x72\x6f\x6b\x65\x2d\x6c\x69\x6e\x65\x63\x61\x70\x3d\x22\
\x72\x6f\x75\x6e\x64\x22\x20\x73\x74\x72\x6f\x6b\x65\x2d\x6c\x69\
\x6e\x65\x6a\x6f\x69\x6e\x3d\x22\x72\x6f\x75\x6e\x64\x22\x20\x63\
\x6c\x61\x73\x73\x3d\x22\x66\x65\x61\x74\x68\x65\x72\x20\x66\x65\
\x61\x74\x68\x65\x72\x2d\x62\x65\x6c\x6c\x22\x3e\x3c\x70\x61\x74\
\x68\x20\x64\x3d\x22\x4d\x31\x38\x20\x38\x41\x36\x20\x36\x20\x30\
\x20\x30\x20\x30\x20\x36\x20\x38\x63\x30\x20\x37\x2d\x33\x20\x39\
\x2d\x33\x20\x39\x68\x31\x38\x73\x2d\x33\x2d\x32\x2d\x33\x2d\x39\
\x22\x3e\x3c\x2f\x70\x61\x74\x68\x3e\x3c\x70\x61\x74\x68\x20\x64\
\x3d\x22\x4d\x31\x33\x2e\x37\x33\x20\x32\x31\x61\x32\x20\x32\x20\
\x30\x20\x30\x20\x31\x2d\x33\x2e\x34\x36\x20\x30\x22\x3e\x3c\x2f\
\x70\x61\x74\x68\x3e\x3c\x2f\x73\x76\x67\x3e\
\x00\x00\x01\x38\
\x3c\
\x73\x76\x67\x20\x78\x6d\x6c\x6e\x73\x3d\x22\x68\x74\x74\x70\x3a\
\x2f\x2f\x77\x77\x77\x2e\x77\x33\x2e\x6f\x72\x67\x2f\x32\x30\x30\
\x30\x2f\x73\x76\x67\x22\x20\x77\x69\x64\x74\x68\x3d\x22\x33\x32\
\x22\x20\x68\x65\x69\x67\x68\x74\x3d\x22\x33\x32\x22\x20\x76\x69\
\x65\x77\x42\x6f\x78\x3d\x22\x30\x20\x30\x20\x32\x34\x20\x32\x34\
\x22\x20\x66\x69\x6c\x6c\x3d\x22\x6e\x6f\x6e\x65\x22\x20\x73\x74\
\x72\x6f\x6b\x65\x3d\x22\x23\x65\x36\x30\x35\x34\x30\x22\x20\x73\
\x74\x72\x6f\x6b\x65\x2d\x77\x69\x64\x74\x68\x3d\x22\x33\x22\x20\
\x73\x74\x72\x6f\x6b\x65\x2d\x6c\x69\x6e\x65\x63\x61\x70\x3d\x22\
\x72\x6f\x75\x6e\x64\x22\x20\x73\x74\x72\x6f\x6b\x65\x2d\x6c\x69\
\x6e\x65\x6a\x6f\x69\x6e\x3d\x22\x72\x6f\x75\x6e\x64\x22\x20\x63\
\x6c\x61\x73\x73\x3d\x22\x66\x65\x61\x74\x68\x65\x72\x20\x66\x65\
\x61\x74\x68\x65\x72\x2d\x65\x64\x69\x74\x2d\x33\x22\x3e\x3c\x70\
\x61\x74\x68\x20\x64\x3d\x22\x4d\x31\x32\x20\x32\x30\x68\x39\x22\
\x3e\x3c\x2f\x70\x61\x74\x68\x3e\x3c\x70\x61\x74\x68\x20\x64\x3d\
\x22\x4d\x31\x36\x2e\x35\x20\x33\x2e\x35\x61\x32\x2e\x31\x32\x31\
\x20\x32\x2e\x31\x32\x31\x20\x30\x20\x30\x20\x31\x20\x33\x20\x33\
\x4c\x37\x20\x31\x39\x6c\x2d\x34\x20\x31\x20\x31\x2d\x34\x4c\x31\
\x36\x2e\x35\x20\x33\x2e\x35\x7a\x22\x3e\x3c\x2f\x70\x61\x74\x68\
\x3e\x3c\x2f\x73\x76\x67\x3e\
\x00\x00\x01\x33\
\x3c\
\x73\x76\x67\x20\x78\x6d\x6c\x6e\x73\x3d\x22\x68\x74\x74\x70\x3a\
\x2f\x2f\x77\x77\x77\x2e\x77\x33\x2e\x6f\x72\x67\x2f\x32\x30\x30\
\x30\x2f\x73\x76\x67\x22\x20\x77\x69\x64\x74\x68\x3d\x22\x33\x32\
\x22\x20\x68\x65\x69\x67\x68\x74\x3d\x22\x33\x32\x22\x20\x76\x69\
\x65\x77\x42\x6f\x78\x3d\x22\x30\x20\x30\x20\x32\x34\x20\x32\x34\
\x22\x20\x66\x69\x6c\x6c\x3d\x22\x6e\x6f\x6e\x65\x22\x20\x73\x74\
\x72\x6f\x6b\x65\x3d\x22\x23\x65\x36\x30\x35\x34\x30\x22\x20\x73\
\x74\x72\x6f\x6b\x65\x2d\x77\x69\x64\x74\x68\x3d\x22\x33\x22\x20\
\x73\x74\x72\x6f\x6b\x65\x2d\x6c\x69\x6e\x65\x63\x61\x70\x3d\x22\
\x72\x6f\x75\x6e\x64\x22\x20\x73\x74\x72\x6f\x6b\x65\x2d\x6c\x69\
\x6e\x65\x6a\x6f\x69\x6e\x3d\x22\x72\x6f\x75\x6e\x64\x22\x20\x63\
\x6c\x61\x73\x73\x3d\x22\x66\x65\x61\x74\x68\x65\x72\x20\x66\x65\
\x61\x74\x68\x65\x72\x2d\x61\x72\x72\x6f\x77\x2d\x6c\x65\x66\x74\
\x22\x3e\x3c\x6c\x69\x6e\x65\x20\x78\x31\x3d\x22\x31\x39\x22\x20\
\x79\x31\x3d\x22\x31\x32\x22\x20\x78\x32\x3d\x22\x35\x22\x20\x79\
\x32\x3d\x22\x31\x32\x22\x3e\x3c\x2f\x6c\x69\x6e\x65\x3e\x3c\x70\
\x6f\x6c\x79\x6c\x69\x6e\x65\x20\x70\x6f\x69\x6e\x74\x73\x3d\x22\
\x31\x32\x20\x31\x39\x20\x35\x20\x31\x32\x20\x31\x32\x20\x35\x22\
\x3e\x3c\x2f\x70\x6f\x6c\x79\x6c\x69\x6e\x65\x3e\x3c\x2f\x73\x76\
\x67\x3e\
\x00\x00\x01\xf0\
\x3c\
\x73\x76\x67\x20\x78\x6d\x6c\x6e\x73\x3d\x22\x68\x74\x74\x70\x3a\
\x2f\x2f\x77\x77\x77\x2e\x77\x33\x2e\x6f\x72\x67\x2f\x32\x30\x30\
\x30\x2f\x73\x76\x67\x22\x20\x76\x69\x65\x77\x42\x6f\x78\x3d\x22\
\x30\x20\x30\x20\x35\x37\x36\x20\x35\x31\x32\x22\x3e\x3c\x21\x2d\
\x2d\x20\x46\x6f\x6e\x74\x20\x41\x77\x65\x73\x6f\x6d\x65\x20\x46\
\x72\x65\x65\x20\x35\x2e\x31\x35\x2e\x34\x20\x62\x79\x20\x40\x66\
\x6f\x6e\x74\x61\x77\x65\x73\x6f\x6d\x65\x20\x2d\x20\x68\x74\x74\
\x70\x73\x3a\x2f\x2f\x66\x6f\x6e\x74\x61\x77\x65\x73\x6f\x6d\x65\
\x2e\x63\x6f\x6d\x20\x4c\x69\x63\x65\x6e\x73\x65\x20\x2d\x20\x68\
\x74\x74\x70\x73\x3a\x2f\x2f\x66\x6f\x6e\x74\x61\x77\x65\x73\x6f\
\x6d\x65\x2e\x63\x6f\x6d\x2f\x6c\x69\x63\x65\x6e\x73\x65\x2f\x66\
\x72\x65\x65\x20\x28\x49\x63\x6f\x6e\x73\x3a\x20\x43\x43\x20\x42\
\x59\x20\x34\x2e\x30\x2c\x20\x46\x6f\x6e\x74\x73\x3a\x20\x53\x49\
\x4c\x20\x4f\x46\x4c\x20\x31\x2e\x31\x2c\x20\x43\x6f\x64\x65\x3a\
\x20\x4d\x49\x54\x20\x4c\x69\x63\x65\x6e\x73\x65\x29\x20\x2d\x2d\
\x3e\x3c\x70\x61\x74\x68\x20\x64\x3d\x22\x4d\x33\x33\x36\x2e\x32\
\x20\x36\x34\x48\x34\x37\x2e\x38\x43\x32\x31\x2e\x34\x20\x36\x34\
\x20\x30\x20\x38\x35\x2e\x34\x20\x30\x20\x31\x31\x31\x2e\x38\x76\
\x32\x38\x38\x2e\x34\x43\x30\x20\x34\x32\x36\x2e\x36\x20\x32\x31\
\x2e\x34\x20\x34\x34\x38\x20\x34\x37\x2e\x38\x20\x34\x34\x38\x68\
\x32\x38\x38\x2e\x34\x63\x32\x36\x2e\x34\x20\x30\x20\x34\x37\x2e\
\x38\x2d\x32\x31\x2e\x34\x20\x34\x37\x2e\x38\x2d\x34\x37\x2e\x38\
\x56\x31\x31\x31\x2e\x38\x63\x30\x2d\x32\x36\x2e\x34\x2d\x32\x31\
\x2e\x34\x2d\x34\x37\x2e\x38\x2d\x34\x37\x2e\x38\x2d\x34\x37\x2e\
\x38\x7a\x6d\x31\x38\x39\x2e\x34\x20\x33\x37\x2e\x37\x4c\x34\x31\
\x36\x20\x31\x37\x37\x2e\x33\x76\x31\x35\x37\x2e\x34\x6c\x31\x30\
\x39\x2e\x36\x20\x37\x35\x2e\x35\x63\x32\x31\x2e\x32\x20\x31\x34\
\x2e\x36\x20\x35\x30\x2e\x34\x2d\x2e\x33\x20\x35\x30\x2e\x34\x2d\
\x32\x35\x2e\x38\x56\x31\x32\x37\x2e\x35\x63\x30\x2d\x32\x35\x2e\
\x34\x2d\x32\x39\x2e\x31\x2d\x34\x30\x2e\x34\x2d\x35\x30\x2e\x34\
\x2d\x32\x35\x2e\x38\x7a\x22\x2f\x3e\x3c\x2f\x73\x76\x67\x3e\
\x00\x00\x01\x47\
\x3c\
\x73\x76\x67\x20\x78\x6d\x6c\x6e\x73\x3d\x22\x68\x74\x74\x70\x3a\
\x2f\x2f\x77\x77\x77\x2e\x77\x33\x2e\x6f\x72\x67\x2f\x32\x30\x30\
\x30\x2f\x73\x76\x67\x22\x20\x77\x69\x64\x74\x68\x3d\x22\x33\x32\
\x22\x20\x68\x65\x69\x67\x68\x74\x3d\x22\x33\x32\x22\x20\x76\x69\
\x65\x77\x42\x6f\x78\x3d\x22\x30\x20\x30\x20\x32\x34\x20\x32\x34\
\x22\x20\x66\x69\x6c\x6c\x3d\x22\x6e\x6f\x6e\x65\x22\x20\x73\x74\
\x72\x6f\x6b\x65\x3d\x22\x23\x65\x36\x30\x35\x34\x30\x22\x20\x73\
\x74\x72\x6f\x6b\x65\x2d\x77\x69\x64\x74\x68\x3d\x22\x33\x22\x20\
\x73\x74\x72\x6f\x6b\x65\x2d\x6c\x69\x6e\x65\x63\x61\x70\x3d\x22\
\x72\x6f\x75\x6e\x64\x22\x20\x73\x74\x72\x6f\x6b\x65\x2d\x6c\x69\
\x6e\x65\x6a\x6f\x69\x6e\x3d\x22\x72\x6f\x75\x6e\x64\x22\x20\x63\
\x6c\x61\x73\x73\x3d\x22\x66\x65\x61\x74\x68\x65\x72\x20\x66\x65\
\x61\x74\x68\x65\x72\x2d\x68\x6f\x6d\x65\x22\x3e\x3c\x70\x61\x74\
\x68\x20\x64\x3d\x22\x4d\x33\x20\x39\x6c\x39\x2d\x37\x20\x39\x20\
\x37\x76\x31\x31\x61\x32\x20\x32\x20\x30\x20\x30\x20\x31\x2d\x32\
\x20\x32\x48\x35\x61\x32\x20\x32\x20\x30\x20\x30\x20\x31\x2d\x32\
\x2d\x32\x7a\x22\x3e\x3c\x2f\x70\x61\x74\x68\x3e\x3c\x70\x6f\x6c\
\x79\x6c\x69\x6e\x65\x20\x70\x6f\x69\x6e\x74\x73\x3d\x22\x39\x20\
\x32\x32\x20\x39\x20\x31\x32\x20\x31\x35\x20\x31\x32\x20\x31\x35\
\x20\x32\x32\x22\x3e\x3c\x2f\x70\x6f\x6c\x79\x6c\x69\x6e\x65\x3e\
\x3c\x2f\x73\x76\x67\x3e\
\x00\x00\x01\x38\
\x3c\
\x73\x76\x67\x20\x78\x6d\x6c\x6e\x73\x3d\x22\x68\x74\x74\x70\x3a\
\x2f\x2f\x77\x77\x77\x2e\x77\x33\x2e\x6f\x72\x67\x2f\x32\x30\x30\
\x30\x2f\x73\x76\x67\x22\x20\x77\x69\x64\x74\x68\x3d\x22\x33\x32\
\x22\x20\x68\x65\x69\x67\x68\x74\x3d\x22\x33\x32\x22\x20\x76\x69\
\x65\x77\x42\x6f\x78\x3d\x22\x30\x20\x30\x20\x32\x34\x20\x32\x34\
\x22\x20\x66\x69\x6c\x6c\x3d\x22\x6e\x6f\x6e\x65\x22\x20\x73\x74\
\x72\x6f\x6b\x65\x3d\x22\x23\x65\x36\x30\x35\x34\x30\x22\x20\x73\
\x74\x72\x6f\x6b\x65\x2d\x77\x69\x64\x74\x68\x3d\x22\x33\x22\x20\
\x73\x74\x72\x6f\x6b\x65\x2d\x6c\x69\x6e\x65\x63\x61\x70\x3d\x22\
\x72\x6f\x75\x6e\x64\x22\x20\x73\x74\x72\x6f\x6b\x65\x2d\x6c\x69\
\x6e\x65\x6a\x6f\x69\x6e\x3d\x22\x72\x6f\x75\x6e\x64\x22\x20\x63\
\x6c\x61\x73\x73\x3d\x22\x66\x65\x61\x74\x68\x65\x72\x20\x66\x65\
\x61\x74\x68\x65\x72\x2d\x72\x6f\x74\x61\x74\x65\x2d\x63\x63\x77\
\x22\x3e\x3c\x70\x6f\x6c\x79\x6c\x69\x6e\x65\x20\x70\x6f\x69\x6e\
\x74\x73\x3d\x22\x31\x20\x34\x20\x31\x20\x31\x30\x20\x37\x20\x31\
\x30\x22\x3e\x3c\x2f\x70\x6f\x6c\x79\x6c\x69\x6e\x65\x3e\x3c\x70\
\x61\x74\x68\x20\x64\x3d\x22\x4d\x33\x2e\x35\x31\x20\x31\x35\x61\
\x39\x20\x39\x20\x30\x20\x31\x20\x30\x20\x32\x2e\x31\x33\x2d\x39\
\x2e\x33\x36\x4c\x31\x20\x31\x30\x22\x3e\x3c\x2f\x70\x61\x74\x68\
\x3e\x3c\x2f\x73\x76\x67\x3e\
\x00\x00\x02\x48\
\x3c\
\x73\x76\x67\x20\x78\x6d\x6c\x6e\x73\x3d\x22\x68\x74\x74\x70\x3a\
\x2f\x2f\x77\x77\x77\x2e\x77\x33\x2e\x6f\x72\x67\x2f\x32\x30\x30\
\x30\x2f\x73\x76\x67\x22\x20\x76\x69\x65\x77\x42\x6f\x78\x3d\x22\
\x30\x20\x30\x20\x35\x31\x32\x20\x35\x31\x32\x22\x3e\x3c\x21\x2d\
\x2d\x20\x46\x6f\x6e\x74\x20\x41\x77\x65\x73\x6f\x6d\x65\x20\x46\
\x72\x65\x65\x20\x35\x2e\x31\x35\x2e\x34\x20\x62\x79\x20\x40\x66\
\x6f\x6e\x74\x61\x77\x65\x73\x6f\x6d\x65\x20\x2d\x20\x68\x74\x74\
\x70\x73\x3a\x2f\x2f\x66\x6f\x6e\x74\x61\x77\x65\x73\x6f\x6d\x65\
\x2e\x63\x6f\x6d\x20\x4c\x69\x63\x65\x6e\x73\x65\x20\x2d\x20\x68\
\x74\x74\x70\x73\x3a\x2f\x2f\x66\x6f\x6e\x74\x61\x77\x65\x73\x6f\
\x6d\x65\x2e\x63\x6f\x6d\x2f\x6c\x69\x63\x65\x6e\x73\x65\x2f\x66\
\x72\x65\x65\x20\x28\x49\x63\x6f\x6e\x73\x3a\x20\x43\x43\x20\x42\
\x59\x20\x34\x2e\x30\x2c\x20\x46\x6f\x6e\x74\x73\x3a\x20\x53\x49\
\x4c\x20\x4f\x46\x4c\x20\x31\x2e\x31\x2c\x20\x43\x6f\x64\x65\x3a\
\x20\x4d\x49\x54\x20\x4c\x69\x63\x65\x6e\x73\x65\x29\x20\x2d\x2d\
\x3e\x3c\x70\x61\x74\x68\x20\x64\x3d\x22\x4d\x35\x30\x34\x20\x32\
\x35\x36\x63\x30\x20\x31\x33\x37\x2d\x31\x31\x31\x20\x32\x34\x38\
\x2d\x32\x34\x38\x20\x32\x34\x38\x53\x38\x20\x33\x39\x33\x20\x38\
\x20\x32\x35\x36\x20\x31\x31\x39\x20\x38\x20\x32\x35\x36\x20\x38\
\x73\x32\x34\x38\x20\x31\x31\x31\x20\x32\x34\x38\x20\x32\x34\x38\
\x7a\x6d\x2d\x31\x34\x33\x2e\x36\x2d\x32\x38\x2e\x39\x4c\x32\x38\
\x38\x20\x33\x30\x32\x2e\x36\x56\x31\x32\x30\x63\x30\x2d\x31\x33\
\x2e\x33\x2d\x31\x30\x2e\x37\x2d\x32\x34\x2d\x32\x34\x2d\x32\x34\
\x68\x2d\x31\x36\x63\x2d\x31\x33\x2e\x33\x20\x30\x2d\x32\x34\x20\
\x31\x30\x2e\x37\x2d\x32\x34\x20\x32\x34\x76\x31\x38\x32\x2e\x36\
\x6c\x2d\x37\x32\x2e\x34\x2d\x37\x35\x2e\x35\x63\x2d\x39\x2e\x33\
\x2d\x39\x2e\x37\x2d\x32\x34\x2e\x38\x2d\x39\x2e\x39\x2d\x33\x34\
\x2e\x33\x2d\x2e\x34\x6c\x2d\x31\x30\x2e\x39\x20\x31\x31\x63\x2d\
\x39\x2e\x34\x20\x39\x2e\x34\x2d\x39\x2e\x34\x20\x32\x34\x2e\x36\
\x20\x30\x20\x33\x33\x2e\x39\x4c\x32\x33\x39\x20\x34\x30\x34\x2e\
\x33\x63\x39\x2e\x34\x20\x39\x2e\x34\x20\x32\x34\x2e\x36\x20\x39\
\x2e\x34\x20\x33\x33\x2e\x39\x20\x30\x6c\x31\x33\x32\x2e\x37\x2d\
\x31\x33\x32\x2e\x37\x63\x39\x2e\x34\x2d\x39\x2e\x34\x20\x39\x2e\
\x34\x2d\x32\x34\x2e\x36\x20\x30\x2d\x33\x33\x2e\x39\x6c\x2d\x31\
\x30\x2e\x39\x2d\x31\x31\x63\x2d\x39\x2e\x35\x2d\x39\x2e\x35\x2d\
\x32\x35\x2d\x39\x2e\x33\x2d\x33\x34\x2e\x33\x2e\x34\x7a\x22\x2f\
\x3e\x3c\x2f\x73\x76\x67\x3e\
\x00\x00\x03\x0a\
\x3c\
\x73\x76\x67\x20\x78\x6d\x6c\x6e\x73\x3d\x22\x68\x74\x74\x70\x3a\
\x2f\x2f\x77\x77\x77\x2e\x77\x33\x2e\x6f\x72\x67\x2f\x32\x30\x30\
\x30\x2f\x73\x76\x67\x22\x20\x76\x69\x65\x77\x42\x6f\x78\x3d\x22\
\x30\x20\x30\x20\x35\x37\x36\x20\x35\x31\x32\x22\x3e\x3c\x21\x2d\
\x2d\x20\x46\x6f\x6e\x74\x20\x41\x77\x65\x73\x6f\x6d\x65\x20\x46\
\x72\x65\x65\x20\x35\x2e\x31\x35\x2e\x34\x20\x62\x79\x20\x40\x66\
\x6f\x6e\x74\x61\x77\x65\x73\x6f\x6d\x65\x20\x2d\x20\x68\x74\x74\
\x70\x73\x3a\x2f\x2f\x66\x6f\x6e\x74\x61\x77\x65\x73\x6f\x6d\x65\
\x2e\x63\x6f\x6d\x20\x4c\x69\x63\x65\x6e\x73\x65\x20\x2d\x20\x68\
\x74\x74\x70\x73\x3a\x2f\x2f\x66\x6f\x6e\x74\x61\x77\x65\x73\x6f\
\x6d\x65\x2e\x63\x6f\x6d\x2f\x6c\x69\x63\x65\x6e\x73\x65\x2f\x66\
\x72\x65\x65\x20\x28\x49\x63\x6f\x6e\x73\x3a\x20\x43\x43\x20\x42\
\x59\x20\x34\x2e\x30\x2c\x20\x46\x6f\x6e\x74\x73\x3a\x20\x53\x49\
\x4c\x20\x4f\x46\x4c\x20\x31\x2e\x31\x2c\x20\x43\x6f\x64\x65\x3a\
\x20\x4d\x49\x54\x20\x4c\x69\x63\x65\x6e\x73\x65\x29\x20\x2d\x2d\
\x3e\x3c\x70\x61\x74\x68\x20\x64\x3d\x22\x4d\x34\x30\x32\x2e\x33\
\x20\x33\x34\x34\x2e\x39\x6c\x33\x32\x2d\x33\x32\x63\x35\x2d\x35\
\x20\x31\x33\x2e\x37\x2d\x31\x2e\x35\x20\x31\x33\x2e\x37\x20\x35\
\x2e\x37\x56\x34\x36\x34\x63\x30\x20\x32\x36\x2e\x35\x2d\x32\x31\
\x2e\x35\x20\x34\x38\x2d\x34\x38\x20\x34\x38\x48\x34\x38\x63\x2d\
\x32\x36\x2e\x35\x20\x30\x2d\x34\x38\x2d\x32\x31\x2e\x35\x2d\x34\
\x38\x2d\x34\x38\x56\x31\x31\x32\x63\x30\x2d\x32\x36\x2e\x35\x20\
\x32\x31\x2e\x35\x2d\x34\x38\x20\x34\x38\x2d\x34\x38\x68\x32\x37\
\x33\x2e\x35\x63\x37\x2e\x31\x20\x30\x20\x31\x30\x2e\x37\x20\x38\
\x2e\x36\x20\x35\x2e\x37\x20\x31\x33\x2e\x37\x6c\x2d\x33\x32\x20\
\x33\x32\x63\x2d\x31\x2e\x35\x20\x31\x2e\x35\x2d\x33\x2e\x35\x20\
\x32\x2e\x33\x2d\x35\x2e\x37\x20\x32\x2e\x33\x48\x34\x38\x76\x33\
\x35\x32\x68\x33\x35\x32\x56\x33\x35\x30\x2e\x35\x63\x30\x2d\x32\
\x2e\x31\x2e\x38\x2d\x34\x2e\x31\x20\x32\x2e\x33\x2d\x35\x2e\x36\
\x7a\x6d\x31\x35\x36\x2e\x36\x2d\x32\x30\x31\x2e\x38\x4c\x32\x39\
\x36\x2e\x33\x20\x34\x30\x35\x2e\x37\x6c\x2d\x39\x30\x2e\x34\x20\
\x31\x30\x63\x2d\x32\x36\x2e\x32\x20\x32\x2e\x39\x2d\x34\x38\x2e\
\x35\x2d\x31\x39\x2e\x32\x2d\x34\x35\x2e\x36\x2d\x34\x35\x2e\x36\
\x6c\x31\x30\x2d\x39\x30\x2e\x34\x4c\x34\x33\x32\x2e\x39\x20\x31\
\x37\x2e\x31\x63\x32\x32\x2e\x39\x2d\x32\x32\x2e\x39\x20\x35\x39\
\x2e\x39\x2d\x32\x32\x2e\x39\x20\x38\x32\x2e\x37\x20\x30\x6c\x34\
\x33\x2e\x32\x20\x34\x33\x2e\x32\x63\x32\x32\x2e\x39\x20\x32\x32\
\x2e\x39\x20\x32\x32\x2e\x39\x20\x36\x30\x20\x2e\x31\x20\x38\x32\
\x2e\x38\x7a\x4d\x34\x36\x30\x2e\x31\x20\x31\x37\x34\x4c\x34\x30\
\x32\x20\x31\x31\x35\x2e\x39\x20\x32\x31\x36\x2e\x32\x20\x33\x30\
\x31\x2e\x38\x6c\x2d\x37\x2e\x33\x20\x36\x35\x2e\x33\x20\x36\x35\
\x2e\x33\x2d\x37\x2e\x33\x4c\x34\x36\x30\x2e\x31\x20\x31\x37\x34\
\x7a\x6d\x36\x34\x2e\x38\x2d\x37\x39\x2e\x37\x6c\x2d\x34\x33\x2e\
\x32\x2d\x34\x33\x2e\x32\x63\x2d\x34\x2e\x31\x2d\x34\x2e\x31\x2d\
\x31\x30\x2e\x38\x2d\x34\x2e\x31\x2d\x31\x34\x2e\x38\x20\x30\x4c\
\x34\x33\x36\x20\x38\x32\x6c\x35\x38\x2e\x31\x20\x35\x38\x2e\x31\
\x20\x33\x30\x2e\x39\x2d\x33\x30\x2e\x39\x63\x34\x2d\x34\x2e\x32\
\x20\x34\x2d\x31\x30\x2e\x38\x2d\x2e\x31\x2d\x31\x34\x2e\x39\x7a\
\x22\x2f\x3e\x3c\x2f\x73\x76\x67\x3e\
\x00\x00\x01\x5d\
\x3c\
\x73\x76\x67\x20\x78\x6d\x6c\x6e\x73\x3d\x22\x68\x74\x74\x70\x3a\
\x2f\x2f\x77\x77\x77\x2e\x77\x33\x2e\x6f\x72\x67\x2f\x32\x30\x30\
\x30\x2f\x73\x76\x67\x22\x20\x77\x69\x64\x74\x68\x3d\x22\x33\x32\
\x22\x20\x68\x65\x69\x67\x68\x74\x3d\x22\x33\x32\x22\x20\x76\x69\
\x65\x77\x42\x6f\x78\x3d\x22\x30\x20\x30\x20\x32\x34\x20\x32\x34\
\x22\x20\x66\x69\x6c\x6c\x3d\x22\x6e\x6f\x6e\x65\x22\x20\x73\x74\
\x72\x6f\x6b\x65\x3d\x22\x23\x65\x36\x30\x35\x34\x30\x22\x20\x73\
\x74\x72\x6f\x6b\x65\x2d\x77\x69\x64\x74\x68\x3d\x22\x33\x22\x20\
\x73\x74\x72\x6f\x6b\x65\x2d\x6c\x69\x6e\x65\x63\x61\x70\x3d\x22\
\x72\x6f\x75\x6e\x64\x22\x20\x73\x74\x72\x6f\x6b\x65\x2d\x6c\x69\
\x6e\x65\x6a\x6f\x69\x6e\x3d\x22\x72\x6f\x75\x6e\x64\x22\x20\x63\
\x6c\x61\x73\x73\x3d\x22\x66\x65\x61\x74\x68\x65\x72\x20\x66\x65\
\x61\x74\x68\x65\x72\x2d\x6d\x61\x69\x6c\x22\x3e\x3c\x70\x61\x74\
\x68\x20\x64\x3d\x22\x4d\x34\x20\x34\x68\x31\x36\x63\x31\x2e\x31\
\x20\x30\x20\x32\x20\x2e\x39\x20\x32\x20\x32\x76\x31\x32\x63\x30\
\x20\x31\x2e\x31\x2d\x2e\x39\x20\x32\x2d\x32\x20\x32\x48\x34\x63\
\x2d\x31\x2e\x31\x20\x30\x2d\x32\x2d\x2e\x39\x2d\x32\x2d\x32\x56\
\x36\x63\x30\x2d\x31\x2e\x31\x2e\x39\x2d\x32\x20\x32\x2d\x32\x7a\
\x22\x3e\x3c\x2f\x70\x61\x74\x68\x3e\x3c\x70\x6f\x6c\x79\x6c\x69\
\x6e\x65\x20\x70\x6f\x69\x6e\x74\x73\x3d\x22\x32\x32\x2c\x36\x20\
\x31\x32\x2c\x31\x33\x20\x32\x2c\x36\x22\x3e\x3c\x2f\x70\x6f\x6c\
\x79\x6c\x69\x6e\x65\x3e\x3c\x2f\x73\x76\x67\x3e\
\x00\x00\x01\x10\
\x00\
\x00\x04\xa4\x78\x9c\x8d\xd4\xc1\x6e\x84\x20\x10\x06\xe0\xfb\x3e\
\x85\xd9\x3b\x35\xe9\x5e\xad\x97\x7d\x83\xbe\xc1\x08\xa3\x4e\x0a\
\x62\x07\xd0\x75\x9f\xbe\xab\x87\xa6\x4d\x18\xf5\xc2\xc1\xef\x47\
\x86\x81\x50\x7d\xde\xef\xf5\xa5\x28\xaa\x6f\xc6\xe0\x13\x6b\x2c\
\x46\xc6\x96\x1e\x1f\x57\xd2\x7e\x08\xd7\x15\x5f\xdc\x92\xc5\x1a\
\x8c\x79\xa5\x82\xd2\xc0\xe6\x2d\x4c\x5d\x55\x6e\x9f\xff\x26\x98\
\xfd\xac\x34\xb1\xb6\xa8\x8c\x9f\x87\x13\x31\x8b\x6d\x3c\x11\x63\
\xea\xfa\x33\xb9\x34\xee\x85\x8e\x6a\x3a\x2a\xe6\xb0\x0a\x69\xf9\
\x06\xad\xcd\x8b\x06\x87\x0c\x82\xf5\xa8\xbf\xf2\x84\x86\x84\x42\
\x56\x51\xb7\xbc\xad\x83\x20\xde\x1a\xe4\xbc\x75\x14\xfb\xd4\xe4\
\xad\xf7\x4e\xf8\x23\x0d\xad\x97\x24\x44\xe8\x18\x5c\x9e\x2d\x05\
\x61\x6b\x0e\x48\xe8\xa2\x83\x07\x39\x7a\xa2\x7a\x17\x1c\x87\x24\
\x08\x0d\xbb\x33\x47\x0b\x8b\x20\x4b\xec\xbd\x70\x9d\xd8\x47\x88\
\xa8\xb4\x9e\xf7\x5d\xe0\x00\x93\xd0\xd5\x80\xc0\xba\xcf\x5b\x9c\
\x29\x46\xe9\x10\x53\xd8\x13\xb5\x73\xd5\x26\x32\x28\x9c\xe4\xe2\
\x53\x4c\x8d\x50\xea\xd3\x7b\xa7\x48\x68\xd0\x86\xaf\xd9\xff\xb5\
\x2a\x7f\x1f\xa2\xfa\x52\x95\xdb\xeb\xf4\x03\x97\x38\x7c\x45\
\x00\x00\x01\x34\
\x3c\
\x73\x76\x67\x20\x78\x6d\x6c\x6e\x73\x3d\x22\x68\x74\x74\x70\x3a\
\x2f\x2f\x77\x77\x77\x2e\x77\x33\x2e\x6f\x72\x67\x2f\x32\x30\x30\
\x30\x2f\x73\x76\x67\x22\x20\x77\x69\x64\x74\x68\x3d\x22\x33\x32\
\x22\x20\x68\x65\x69\x67\x68\x74\x3d\x22\x33\x32\x22\x20\x76\x69\
\x65\x77\x42\x6f\x78\x3d\x22\x30\x20\x30\x20\x32\x34\x20\x32\x34\
\x22\x20\x66\x69\x6c\x6c\x3d\x22\x6e\x6f\x6e\x65\x22\x20\x73\x74\
\x72\x6f\x6b\x65\x3d\x22\x23\x65\x36\x30\x35\x34\x30\x22\x20\x73\
\x74\x72\x6f\x6b\x65\x2d\x77\x69\x64\x74\x68\x3d\x22\x33\x22\x20\
\x73\x74\x72\x6f\x6b\x65\x2d\x6c\x69\x6e\x65\x63\x61\x70\x3d\x22\
\x72\x6f\x75\x6e\x64\x22\x20\x73\x74\x72\x6f\x6b\x65\x2d\x6c\x69\
\x6e\x65\x6a\x6f\x69\x6e\x3d\x22\x72\x6f\x75\x6e\x64\x22\x20\x63\
\x6c\x61\x73\x73\x3d\x22\x66\x65\x61\x74\x68\x65\x72\x20\x66\x65\
\x61\x74\x68\x65\x72\x2d\x61\x72\x72\x6f\x77\x2d\x64\x6f\x77\x6e\
\x22\x3e\x3c\x6c\x69\x6e\x65\x20\x78\x31\x3d\x22\x31\x32\x22\x20\
\x79\x31\x3d\x22\x35\x22\x20\x78\x32\x3d\x22\x31\x32\x22\x20\x79\
\x32\x3d\x22\x31\x39\x22\x3e\x3c\x2f\x6c\x69\x6e\x65\x3e\x3c\x70\
\x6f\x6c\x79\x6c\x69\x6e\x65\x20\x70\x6f\x69\x6e\x74\x73\x3d\x22\
\x31\x39\x20\x31\x32\x20\x31\x32\x20\x31\x39\x20\x35\x20\x31\x32\
\x22\x3e\x3c\x2f\x70\x6f\x6c\x79\x6c\x69\x6e\x65\x3e\x3c\x2f\x73\
\x76\x67\x3e\
\x00\x00\x02\x0a\
\x3c\
\x73\x76\x67\x20\x78\x6d\x6c\x6e\x73\x3d\x22\x68\x74\x74\x70\x3a\
\x2f\x2f\x77\x77\x77\x2e\x77\x33\x2e\x6f\x72\x67\x2f\x32\x30\x30\
\x30\x2f\x73\x76\x67\x22\x20\x77\x69\x64\x74\x68\x3d\x22\x33\x32\
\x22\x20\x68\x65\x69\x67\x68\x74\x3d\x22\x33\x32\x22\x20\x76\x69\
\x65\x77\x42\x6f\x78\x3d\x22\x30\x20\x30\x20\x32\x34\x20\x32\x34\
\x22\x20\x66\x69\x6c\x6c\x3d\x22\x6e\x6f\x6e\x65\x22\x20\x73\x74\
\x72\x6f\x6b\x65\x3d\x22\x23\x65\x36\x30\x35\x34\x30\x22\x20\x73\
\x74\x72\x6f\x6b\x65\x2d\x77\x69\x64\x74\x68\x3d\x22\x33\x22\x20\
\x73\x74\x72\x6f\x6b\x65\x2d\x6c\x69\x6e\x65\x63\x61\x70\x3d\x22\
\x72\x6f\x75\x6e\x64\x22\x20\x73\x74\x72\x6f\x6b\x65\x2d\x6c\x69\
\x6e\x65\x6a\x6f\x69\x6e\x3d\x22\x72\x6f\x75\x6e\x64\x22\x20\x63\
\x6c\x61\x73\x73\x3d\x22\x66\x65\x61\x74\x68\x65\x72\x20\x66\x65\
\x61\x74\x68\x65\x72\x2d\x67\x69\x74\x68\x75\x62\x22\x3e\x3c\x70\
\x61\x74\x68\x20\x64\x3d\x22\x4d\x39\x20\x31\x39\x63\x2d\x35\x20\
\x31\x2e\x35\x2d\x35\x2d\x32\x2e\x35\x2d\x37\x2d\x33\x6d\x31\x34\
\x20\x36\x76\x2d\x33\x2e\x38\x37\x61\x33\x2e\x33\x37\x20\x33\x2e\
\x33\x37\x20\x30\x20\x30\x20\x30\x2d\x2e\x39\x34\x2d\x32\x2e\x36\
\x31\x63\x33\x2e\x31\x34\x2d\x2e\x33\x35\x20\x36\x2e\x34\x34\x2d\
\x31\x2e\x35\x34\x20\x36\x2e\x34\x34\x2d\x37\x41\x35\x2e\x34\x34\
\x20\x35\x2e\x34\x34\x20\x30\x20\x30\x20\x30\x20\x32\x30\x20\x34\
\x2e\x37\x37\x20\x35\x2e\x30\x37\x20\x35\x2e\x30\x37\x20\x30\x20\
\x30\x20\x30\x20\x31\x39\x2e\x39\x31\x20\x31\x53\x31\x38\x2e\x37\
\x33\x2e\x36\x35\x20\x31\x36\x20\x32\x2e\x34\x38\x61\x31\x33\x2e\
\x33\x38\x20\x31\x33\x2e\x33\x38\x20\x30\x20\x30\x20\x30\x2d\x37\
\x20\x30\x43\x36\x2e\x32\x37\x2e\x36\x35\x20\x35\x2e\x30\x39\x20\
\x31\x20\x35\x2e\x30\x39\x20\x31\x41\x35\x2e\x30\x37\x20\x35\x2e\
\x30\x37\x20\x30\x20\x30\x20\x30\x20\x35\x20\x34\x2e\x37\x37\x61\
\x35\x2e\x34\x34\x20\x35\x2e\x34\x34\x20\x30\x20\x30\x20\x30\x2d\
\x31\x2e\x35\x20\x33\x2e\x37\x38\x63\x30\x20\x35\x2e\x34\x32\x20\
\x33\x2e\x33\x20\x36\x2e\x36\x31\x20\x36\x2e\x34\x34\x20\x37\x41\
\x33\x2e\x33\x37\x20\x33\x2e\x33\x37\x20\x30\x20\x30\x20\x30\x20\
\x39\x20\x31\x38\x2e\x31\x33\x56\x32\x32\x22\x3e\x3c\x2f\x70\x61\
\x74\x68\x3e\x3c\x2f\x73\x76\x67\x3e\
\x00\x00\x01\x02\
\x3c\
\x73\x76\x67\x20\x78\x6d\x6c\x6e\x73\x3d\x22\x68\x74\x74\x70\x3a\
\x2f\x2f\x77\x77\x77\x2e\x77\x33\x2e\x6f\x72\x67\x2f\x32\x30\x30\
\x30\x2f\x73\x76\x67\x22\x20\x77\x69\x64\x74\x68\x3d\x22\x33\x32\
\x22\x20\x68\x65\x69\x67\x68\x74\x3d\x22\x33\x32\x22\x20\x76\x69\
\x65\x77\x42\x6f\x78\x3d\x22\x30\x20\x30\x20\x32\x34\x20\x32\x34\
\x22\x20\x66\x69\x6c\x6c\x3d\x22\x6e\x6f\x6e\x65\x22\x20\x73\x74\
\x72\x6f\x6b\x65\x3d\x22\x23\x65\x36\x30\x35\x34\x30\x22\x20\x73\
\x74\x72\x6f\x6b\x65\x2d\x77\x69\x64\x74\x68\x3d\x22\x33\x22\x20\
\x73\x74\x72\x6f\x6b\x65\x2d\x6c\x69\x6e\x65\x63\x61\x70\x3d\x22\
\x72\x6f\x75\x6e\x64\x22\x20\x73\x74\x72\x6f\x6b\x65\x2d\x6c\x69\
\x6e\x65\x6a\x6f\x69\x6e\x3d\x22\x72\x6f\x75\x6e\x64\x22\x20\x63\
\x6c\x61\x73\x73\x3d\x22\x66\x65\x61\x74\x68\x65\x72\x20\x66\x65\
\x61\x74\x68\x65\x72\x2d\x70\x6c\x61\x79\x22\x3e\x3c\x70\x6f\x6c\
\x79\x67\x6f\x6e\x20\x70\x6f\x69\x6e\x74\x73\x3d\x22\x35\x20\x33\
\x20\x31\x39\x20\x31\x32\x20\x35\x20\x32\x31\x20\x35\x20\x33\x22\
\x3e\x3c\x2f\x70\x6f\x6c\x79\x67\x6f\x6e\x3e\x3c\x2f\x73\x76\x67\
\x3e\
\x00\x00\x02\x46\
\x3c\
\x73\x76\x67\x20\x78\x6d\x6c\x6e\x73\x3d\x22\x68\x74\x74\x70\x3a\
\x2f\x2f\x77\x77\x77\x2e\x77\x33\x2e\x6f\x72\x67\x2f\x32\x30\x30\
\x30\x2f\x73\x76\x67\x22\x20\x76\x69\x65\x77\x42\x6f\x78\x3d\x22\
\x30\x20\x30\x20\x35\x31\x32\x20\x35\x31\x32\x22\x3e\x3c\x21\x2d\
\x2d\x20\x46\x6f\x6e\x74\x20\x41\x77\x65\x73\x6f\x6d\x65\x20\x46\
\x72\x65\x65\x20\x35\x2e\x31\x35\x2e\x34\x20\x62\x79\x20\x40\x66\
\x6f\x6e\x74\x61\x77\x65\x73\x6f\x6d\x65\x20\x2d\x20\x68\x74\x74\
\x70\x73\x3a\x2f\x2f\x66\x6f\x6e\x74\x61\x77\x65\x73\x6f\x6d\x65\
\x2e\x63\x6f\x6d\x20\x4c\x69\x63\x65\x6e\x73\x65\x20\x2d\x20\x68\
\x74\x74\x70\x73\x3a\x2f\x2f\x66\x6f\x6e\x74\x61\x77\x65\x73\x6f\
\x6d\x65\x2e\x63\x6f\x6d\x2f\x6c\x69\x63\x65\x6e\x73\x65\x2f\x66\
\x72\x65\x65\x20\x28\x49\x63\x6f\x6e\x73\x3a\x20\x43\x43\x20\x42\
\x59\x20\x34\x2e\x30\x2c\x20\x46\x6f\x6e\x74\x73\x3a\x20\x53\x49\
\x4c\x20\x4f\x46\x4c\x20\x31\x2e\x31\x2c\x20\x43\x6f\x64\x65\x3a\
\x20\x4d\x49\x54\x20\x4c\x69\x63\x65\x6e\x73\x65\x29\x20\x2d\x2d\
\x3e\x3c\x70\x61\x74\x68\x20\x64\x3d\x22\x4d\x32\x35\x36\x20\x38\
\x63\x31\x33\x37\x20\x30\x20\x32\x34\x38\x20\x31\x31\x31\x20\x32\
\x34\x38\x20\x32\x34\x38\x53\x33\x39\x33\x20\x35\x30\x34\x20\x32\
\x35\x36\x20\x35\x30\x34\x20\x38\x20\x33\x39\x33\x20\x38\x20\x32\
\x35\x36\x20\x31\x31\x39\x20\x38\x20\x32\x35\x36\x20\x38\x7a\x6d\
\x2d\x32\x38\x2e\x39\x20\x31\x34\x33\x2e\x36\x6c\x37\x35\x2e\x35\
\x20\x37\x32\x2e\x34\x48\x31\x32\x30\x63\x2d\x31\x33\x2e\x33\x20\
\x30\x2d\x32\x34\x20\x31\x30\x2e\x37\x2d\x32\x34\x20\x32\x34\x76\
\x31\x36\x63\x30\x20\x31\x33\x2e\x33\x20\x31\x30\x2e\x37\x20\x32\
\x34\x20\x32\x34\x20\x32\x34\x68\x31\x38\x32\x2e\x36\x6c\x2d\x37\
\x35\x2e\x35\x20\x37\x32\x2e\x34\x63\x2d\x39\x2e\x37\x20\x39\x2e\
\x33\x2d\x39\x2e\x39\x20\x32\x34\x2e\x38\x2d\x2e\x34\x20\x33\x34\
\x2e\x33\x6c\x31\x31\x20\x31\x30\x2e\x39\x63\x39\x2e\x34\x20\x39\
\x2e\x34\x20\x32\x34\x2e\x36\x20\x39\x2e\x34\x20\x33\x33\x2e\x39\
\x20\x30\x4c\x34\x30\x34\x2e\x33\x20\x32\x37\x33\x63\x39\x2e\x34\
\x2d\x39\x2e\x34\x20\x39\x2e\x34\x2d\x32\x34\x2e\x36\x20\x30\x2d\
\x33\x33\x2e\x39\x4c\x32\x37\x31\x2e\x36\x20\x31\x30\x36\x2e\x33\
\x63\x2d\x39\x2e\x34\x2d\x39\x2e\x34\x2d\x32\x34\x2e\x36\x2d\x39\
\x2e\x34\x2d\x33\x33\x2e\x39\x20\x30\x6c\x2d\x31\x31\x20\x31\x30\
\x2e\x39\x63\x2d\x39\x2e\x35\x20\x39\x2e\x36\x2d\x39\x2e\x33\x20\
\x32\x35\x2e\x31\x2e\x34\x20\x33\x34\x2e\x34\x7a\x22\x2f\x3e\x3c\
\x2f\x73\x76\x67\x3e\
\x00\x00\x01\xdd\
\x3c\
\x73\x76\x67\x20\x78\x6d\x6c\x6e\x73\x3d\x22\x68\x74\x74\x70\x3a\
\x2f\x2f\x77\x77\x77\x2e\x77\x33\x2e\x6f\x72\x67\x2f\x32\x30\x30\
\x30\x2f\x73\x76\x67\x22\x20\x77\x69\x64\x74\x68\x3d\x22\x33\x32\
\x22\x20\x68\x65\x69\x67\x68\x74\x3d\x22\x33\x32\x22\x20\x76\x69\
\x65\x77\x42\x6f\x78\x3d\x22\x30\x20\x30\x20\x32\x34\x20\x32\x34\
\x22\x20\x66\x69\x6c\x6c\x3d\x22\x6e\x6f\x6e\x65\x22\x20\x73\x74\
\x72\x6f\x6b\x65\x3d\x22\x23\x65\x36\x30\x35\x34\x30\x22\x20\x73\
\x74\x72\x6f\x6b\x65\x2d\x77\x69\x64\x74\x68\x3d\x22\x33\x22\x20\
\x73\x74\x72\x6f\x6b\x65\x2d\x6c\x69\x6e\x65\x63\x61\x70\x3d\x22\
\x72\x6f\x75\x6e\x64\x22\x20\x73\x74\x72\x6f\x6b\x65\x2d\x6c\x69\
\x6e\x65\x6a\x6f\x69\x6e\x3d\x22\x72\x6f\x75\x6e\x64\x22\x20\x63\
\x6c\x61\x73\x73\x3d\x22\x66\x65\x61\x74\x68\x65\x72\x20\x66\x65\
\x61\x74\x68\x65\x72\x2d\x6c\x69\x73\x74\x22\x3e\x3c\x6c\x69\x6e\
\x65\x20\x78\x31\x3d\x22\x38\x22\x20\x79\x31\x3d\x22\x36\x22\x20\
\x78\x32\x3d\x22\x32\x31\x22\x20\x79\x32\x3d\x22\x36\x22\x3e\x3c\
\x2f\x6c\x69\x6e\x65\x3e\x3c\x6c\x69\x6e\x65\x20\x78\x31\x3d\x22\
\x38\x22\x20\x79\x31\x3d\x22\x31\x32\x22\x20\x78\x32\x3d\x22\x32\
\x31\x22\x20\x79\x32\x3d\x22\x31\x32\x22\x3e\x3c\x2f\x6c\x69\x6e\
\x65\x3e\x3c\x6c\x69\x6e\x65\x20\x78\x31\x3d\x22\x38\x22\x20\x79\
\x31\x3d\x22\x31\x38\x22\x20\x78\x32\x3d\x22\x32\x31\x22\x20\x79\
\x32\x3d\x22\x31\x38\x22\x3e\x3c\x2f\x6c\x69\x6e\x65\x3e\x3c\x6c\
\x69\x6e\x65\x20\x78\x31\x3d\x22\x33\x22\x20\x79\x31\x3d\x22\x36\
\x22\x20\x78\x32\x3d\x22\x33\x2e\x30\x31\x22\x20\x79\x32\x3d\x22\
\x36\x22\x3e\x3c\x2f\x6c\x69\x6e\x65\x3e\x3c\x6c\x69\x6e\x65\x20\
\x78\x31\x3d\x22\x33\x22\x20\x79\x31\x3d\x22\x31\x32\x22\x20\x78\
\x32\x3d\x22\x33\x2e\x30\x31\x22\x20\x79\x32\x3d\x22\x31\x32\x22\
\x3e\x3c\x2f\x6c\x69\x6e\x65\x3e\x3c\x6c\x69\x6e\x65\x20\x78\x31\
\x3d\x22\x33\x22\x20\x79\x31\x3d\x22\x31\x38\x22\x20\x78\x32\x3d\
\x22\x33\x2e\x30\x31\x22\x20\x79\x32\x3d\x22\x31\x38\x22\x3e\x3c\
\x2f\x6c\x69\x6e\x65\x3e\x3c\x2f\x73\x76\x67\x3e\
\x00\x00\x01\x8b\
\x3c\
\x73\x76\x67\x20\x78\x6d\x6c\x6e\x73\x3d\x22\x68\x74\x74\x70\x3a\
\x2f\x2f\x77\x77\x77\x2e\x77\x33\x2e\x6f\x72\x67\x2f\x32\x30\x30\
\x30\x2f\x73\x76\x67\x22\x20\x77\x69\x64\x74\x68\x3d\x22\x33\x32\
\x22\x20\x68\x65\x69\x67\x68\x74\x3d\x22\x33\x32\x22\x20\x76\x69\
\x65\x77\x42\x6f\x78\x3d\x22\x30\x20\x30\x20\x32\x34\x20\x32\x34\
\x22\x20\x66\x69\x6c\x6c\x3d\x22\x6e\x6f\x6e\x65\x22\x20\x73\x74\
\x72\x6f\x6b\x65\x3d\x22\x23\x65\x36\x30\x35\x34\x30\x22\x20\x73\
\x74\x72\x6f\x6b\x65\x2d\x77\x69\x64\x74\x68\x3d\x22\x33\x22\x20\
\x73\x74\x72\x6f\x6b\x65\x2d\x6c\x69\x6e\x65\x63\x61\x70\x3d\x22\
\x72\x6f\x75\x6e\x64\x22\x20\x73\x74\x72\x6f\x6b\x65\x2d\x6c\x69\
\x6e\x65\x6a\x6f\x69\x6e\x3d\x22\x72\x6f\x75\x6e\x64\x22\x20\x63\
\x6c\x61\x73\x73\x3d\x22\x66\x65\x61\x74\x68\x65\x72\x20\x66\x65\
\x61\x74\x68\x65\x72\x2d\x6d\x61\x78\x69\x6d\x69\x7a\x65\x2d\x32\
\x22\x3e\x3c\x70\x6f\x6c\x79\x6c\x69\x6e\x65\x20\x70\x6f\x69\x6e\
\x74\x73\x3d\x22\x31\x35\x20\x33\x20\x32\x31\x20\x33\x20\x32\x31\
\x20\x39\x22\x3e\x3c\x2f\x70\x6f\x6c\x79\x6c\x69\x6e\x65\x3e\x3c\
\x70\x6f\x6c\x79\x6c\x69\x6e\x65\x20\x70\x6f\x69\x6e\x74\x73\x3d\
\x22\x39\x20\x32\x31\x20\x33\x20\x32\x31\x20\x33\x20\x31\x35\x22\
\x3e\x3c\x2f\x70\x6f\x6c\x79\x6c\x69\x6e\x65\x3e\x3c\x6c\x69\x6e\
\x65\x20\x78\x31\x3d\x22\x32\x31\x22\x20\x79\x31\x3d\x22\x33\x22\
\x20\x78\x32\x3d\x22\x31\x34\x22\x20\x79\x32\x3d\x22\x31\x30\x22\
\x3e\x3c\x2f\x6c\x69\x6e\x65\x3e\x3c\x6c\x69\x6e\x65\x20\x78\x31\
\x3d\x22\x33\x22\x20\x79\x31\x3d\x22\x32\x31\x22\x20\x78\x32\x3d\
\x22\x31\x30\x22\x20\x79\x32\x3d\x22\x31\x34\x22\x3e\x3c\x2f\x6c\
\x69\x6e\x65\x3e\x3c\x2f\x73\x76\x67\x3e\
\x00\x00\x03\x3d\
\x3c\
\x3f\x78\x6d\x6c\x20\x76\x65\x72\x73\x69\x6f\x6e\x3d\x22\x31\x2e\
\x30\x22\x20\x65\x6e\x63\x6f\x64\x69\x6e\x67\x3d\x22\x75\x74\x66\
\x2d\x38\x22\x3f\x3e\x0d\x0a\x3c\x21\x2d\x2d\x20\x47\x65\x6e\x65\
\x72\x61\x74\x6f\x72\x3a\x20\x41\x64\x6f\x62\x65\x20\x49\x6c\x6c\
\x75\x73\x74\x72\x61\x74\x6f\x72\x20\x32\x34\x2e\x33\x2e\x30\x2c\
\x20\x53\x56\x47\x20\x45\x78\x70\x6f\x72\x74\x20\x50\x6c\x75\x67\
\x2d\x49\x6e\x20\x2e\x20\x53\x56\x47\x20\x56\x65\x72\x73\x69\x6f\
\x6e\x3a\x20\x36\x2e\x30\x30\x20\x42\x75\x69\x6c\x64\x20\x30\x29\
\x20\x20\x2d\x2d\x3e\x0d\x0a\x3c\x73\x76\x67\x20\x76\x65\x72\x73\
\x69\x6f\x6e\x3d\x22\x31\x2e\x31\x22\x20\x69\x64\x3d\x22\x4c\x61\
\x79\x65\x72\x5f\x31\x22\x20\x78\x6d\x6c\x6e\x73\x3d\x22\x68\x74\
\x74\x70\x3a\x2f\x2f\x77\x77\x77\x2e\x77\x33\x2e\x6f\x72\x67\x2f\
\x32\x30\x30\x30\x2f\x73\x76\x67\x22\x20\x78\x6d\x6c\x6e\x73\x3a\
\x78\x6c\x69\x6e\x6b\x3d\x22\x68\x74\x74\x70\x3a\x2f\x2f\x77\x77\
\x77\x2e\x77\x33\x2e\x6f\x72\x67\x2f\x31\x39\x39\x39\x2f\x78\x6c\
\x69\x6e\x6b\x22\x20\x78\x3d\x22\x30\x70\x78\x22\x20\x79\x3d\x22\
\x30\x70\x78\x22\x0d\x0a\x09\x20\x76\x69\x65\x77\x42\x6f\x78\x3d\
\x22\x30\x20\x30\x20\x35\x37\x36\x20\x35\x31\x32\x22\x20\x73\x74\
\x79\x6c\x65\x3d\x22\x65\x6e\x61\x62\x6c\x65\x2d\x62\x61\x63\x6b\
\x67\x72\x6f\x75\x6e\x64\x3a\x6e\x65\x77\x20\x30\x20\x30\x20\x35\
\x37\x36\x20\x35\x31\x32\x3b\x22\x20\x78\x6d\x6c\x3a\x73\x70\x61\
\x63\x65\x3d\x22\x70\x72\x65\x73\x65\x72\x76\x65\x22\x3e\x0d\x0a\
\x3c\x73\x74\x79\x6c\x65\x20\x74\x79\x70\x65\x3d\x22\x74\x65\x78\
\x74\x2f\x63\x73\x73\x22\x3e\x0d\x0a\x09\x2e\x73\x74\x30\x7b\x66\
\x69\x6c\x6c\x3a\x23\x41\x31\x33\x44\x32\x32\x3b\x7d\x0d\x0a\x3c\
\x2f\x73\x74\x79\x6c\x65\x3e\x0d\x0a\x3c\x70\x61\x74\x68\x20\x63\
\x6c\x61\x73\x73\x3d\x22\x73\x74\x30\x22\x20\x64\x3d\x22\x4d\x35\
\x34\x39\x2e\x37\x2c\x31\x32\x34\x2e\x31\x63\x2d\x36\x2e\x33\x2d\
\x32\x33\x2e\x37\x2d\x32\x34\x2e\x38\x2d\x34\x32\x2e\x33\x2d\x34\
\x38\x2e\x33\x2d\x34\x38\x2e\x36\x43\x34\x35\x38\x2e\x38\x2c\x36\
\x34\x2c\x32\x38\x38\x2c\x36\x34\x2c\x32\x38\x38\x2c\x36\x34\x53\
\x31\x31\x37\x2e\x32\x2c\x36\x34\x2c\x37\x34\x2e\x36\x2c\x37\x35\
\x2e\x35\x0d\x0a\x09\x63\x2d\x32\x33\x2e\x35\x2c\x36\x2e\x33\x2d\
\x34\x32\x2c\x32\x34\x2e\x39\x2d\x34\x38\x2e\x33\x2c\x34\x38\x2e\
\x36\x63\x2d\x31\x31\x2e\x34\x2c\x34\x32\x2e\x39\x2d\x31\x31\x2e\
\x34\x2c\x31\x33\x32\x2e\x33\x2d\x31\x31\x2e\x34\x2c\x31\x33\x32\
\x2e\x33\x73\x30\x2c\x38\x39\x2e\x34\x2c\x31\x31\x2e\x34\x2c\x31\
\x33\x32\x2e\x33\x63\x36\x2e\x33\x2c\x32\x33\x2e\x36\x2c\x32\x34\
\x2e\x38\x2c\x34\x31\x2e\x35\x2c\x34\x38\x2e\x33\x2c\x34\x37\x2e\
\x38\x0d\x0a\x09\x43\x31\x31\x37\x2e\x32\x2c\x34\x34\x38\x2c\x32\
\x38\x38\x2c\x34\x34\x38\x2c\x32\x38\x38\x2c\x34\x34\x38\x73\x31\
\x37\x30\x2e\x38\x2c\x30\x2c\x32\x31\x33\x2e\x34\x2d\x31\x31\x2e\
\x35\x63\x32\x33\x2e\x35\x2d\x36\x2e\x33\x2c\x34\x32\x2d\x32\x34\
\x2e\x32\x2c\x34\x38\x2e\x33\x2d\x34\x37\x2e\x38\x63\x31\x31\x2e\
\x34\x2d\x34\x32\x2e\x39\x2c\x31\x31\x2e\x34\x2d\x31\x33\x32\x2e\
\x33\x2c\x31\x31\x2e\x34\x2d\x31\x33\x32\x2e\x33\x0d\x0a\x09\x53\
\x35\x36\x31\x2e\x31\x2c\x31\x36\x36\x2e\x39\x2c\x35\x34\x39\x2e\
\x37\x2c\x31\x32\x34\x2e\x31\x7a\x20\x4d\x32\x33\x32\x2e\x31\x2c\
\x33\x33\x37\x2e\x36\x56\x31\x37\x35\x2e\x32\x6c\x31\x34\x32\x2e\
\x37\x2c\x38\x31\x2e\x32\x4c\x32\x33\x32\x2e\x31\x2c\x33\x33\x37\
\x2e\x36\x4c\x32\x33\x32\x2e\x31\x2c\x33\x33\x37\x2e\x36\x7a\x22\
\x2f\x3e\x0d\x0a\x3c\x2f\x73\x76\x67\x3e\x0d\x0a\
\x00\x00\x01\x83\
\x3c\
\x73\x76\x67\x20\x78\x6d\x6c\x6e\x73\x3d\x22\x68\x74\x74\x70\x3a\
\x2f\x2f\x77\x77\x77\x2e\x77\x33\x2e\x6f\x72\x67\x2f\x32\x30\x30\
\x30\x2f\x73\x76\x67\x22\x20\x77\x69\x64\x74\x68\x3d\x22\x33\x32\
\x22\x20\x68\x65\x69\x67\x68\x74\x3d\x22\x33\x32\x22\x20\x76\x69\
\x65\x77\x42\x6f\x78\x3d\x22\x30\x20\x30\x20\x32\x34\x20\x32\x34\
\x22\x20\x66\x69\x6c\x6c\x3d\x22\x6e\x6f\x6e\x65\x22\x20\x73\x74\
\x72\x6f\x6b\x65\x3d\x22\x23\x65\x36\x30\x35\x34\x30\x22\x20\x73\
\x74\x72\x6f\x6b\x65\x2d\x77\x69\x64\x74\x68\x3d\x22\x33\x22\x20\
\x73\x74\x72\x6f\x6b\x65\x2d\x6c\x69\x6e\x65\x63\x61\x70\x3d\x22\
\x72\x6f\x75\x6e\x64\x22\x20\x73\x74\x72\x6f\x6b\x65\x2d\x6c\x69\
\x6e\x65\x6a\x6f\x69\x6e\x3d\x22\x72\x6f\x75\x6e\x64\x22\x20\x63\
\x6c\x61\x73\x73\x3d\x22\x66\x65\x61\x74\x68\x65\x72\x20\x66\x65\
\x61\x74\x68\x65\x72\x2d\x73\x61\x76\x65\x22\x3e\x3c\x70\x61\x74\
\x68\x20\x64\x3d\x22\x4d\x31\x39\x20\x32\x31\x48\x35\x61\x32\x20\
\x32\x20\x30\x20\x30\x20\x31\x2d\x32\x2d\x32\x56\x35\x61\x32\x20\
\x32\x20\x30\x20\x30\x20\x31\x20\x32\x2d\x32\x68\x31\x31\x6c\x35\
\x20\x35\x76\x31\x31\x61\x32\x20\x32\x20\x30\x20\x30\x20\x31\x2d\
\x32\x20\x32\x7a\x22\x3e\x3c\x2f\x70\x61\x74\x68\x3e\x3c\x70\x6f\
\x6c\x79\x6c\x69\x6e\x65\x20\x70\x6f\x69\x6e\x74\x73\x3d\x22\x31\
\x37\x20\x32\x31\x20\x31\x37\x20\x31\x33\x20\x37\x20\x31\x33\x20\
\x37\x20\x32\x31\x22\x3e\x3c\x2f\x70\x6f\x6c\x79\x6c\x69\x6e\x65\
\x3e\x3c\x70\x6f\x6c\x79\x6c\x69\x6e\x65\x20\x70\x6f\x69\x6e\x74\
\x73\x3d\x22\x37\x20\x33\x20\x37\x20\x38\x20\x31\x35\x20\x38\x22\
\x3e\x3c\x2f\x70\x6f\x6c\x79\x6c\x69\x6e\x65\x3e\x3c\x2f\x73\x76\
\x67\x3e\
\x00\x00\x01\x5d\
\x3c\
\x73\x76\x67\x20\x78\x6d\x6c\x6e\x73\x3d\x22\x68\x74\x74\x70\x3a\
\x2f\x2f\x77\x77\x77\x2e\x77\x33\x2e\x6f\x72\x67\x2f\x32\x30\x30\
\x30\x2f\x73\x76\x67\x22\x20\x77\x69\x64\x74\x68\x3d\x22\x33\x32\
\x22\x20\x68\x65\x69\x67\x68\x74\x3d\x22\x33\x32\x22\x20\x76\x69\
\x65\x77\x42\x6f\x78\x3d\x22\x30\x20\x30\x20\x32\x34\x20\x32\x34\
\x22\x20\x66\x69\x6c\x6c\x3d\x22\x6e\x6f\x6e\x65\x22\x20\x73\x74\
\x72\x6f\x6b\x65\x3d\x22\x23\x65\x36\x30\x35\x34\x30\x22\x20\x73\
\x74\x72\x6f\x6b\x65\x2d\x77\x69\x64\x74\x68\x3d\x22\x33\x22\x20\
\x73\x74\x72\x6f\x6b\x65\x2d\x6c\x69\x6e\x65\x63\x61\x70\x3d\x22\
\x72\x6f\x75\x6e\x64\x22\x20\x73\x74\x72\x6f\x6b\x65\x2d\x6c\x69\
\x6e\x65\x6a\x6f\x69\x6e\x3d\x22\x72\x6f\x75\x6e\x64\x22\x20\x63\
\x6c\x61\x73\x73\x3d\x22\x66\x65\x61\x74\x68\x65\x72\x20\x66\x65\
\x61\x74\x68\x65\x72\x2d\x7a\x6f\x6f\x6d\x2d\x6f\x75\x74\x22\x3e\
\x3c\x63\x69\x72\x63\x6c\x65\x20\x63\x78\x3d\x22\x31\x31\x22\x20\
\x63\x79\x3d\x22\x31\x31\x22\x20\x72\x3d\x22\x38\x22\x3e\x3c\x2f\
\x63\x69\x72\x63\x6c\x65\x3e\x3c\x6c\x69\x6e\x65\x20\x78\x31\x3d\
\x22\x32\x31\x22\x20\x79\x31\x3d\x22\x32\x31\x22\x20\x78\x32\x3d\
\x22\x31\x36\x2e\x36\x35\x22\x20\x79\x32\x3d\x22\x31\x36\x2e\x36\
\x35\x22\x3e\x3c\x2f\x6c\x69\x6e\x65\x3e\x3c\x6c\x69\x6e\x65\x20\
\x78\x31\x3d\x22\x38\x22\x20\x79\x31\x3d\x22\x31\x31\x22\x20\x78\
\x32\x3d\x22\x31\x34\x22\x20\x79\x32\x3d\x22\x31\x31\x22\x3e\x3c\
\x2f\x6c\x69\x6e\x65\x3e\x3c\x2f\x73\x76\x67\x3e\
\x00\x00\x05\x91\
\x3c\
\x3f\x78\x6d\x6c\x20\x76\x65\x72\x73\x69\x6f\x6e\x3d\x22\x31\x2e\
\x30\x22\x20\x65\x6e\x63\x6f\x64\x69\x6e\x67\x3d\x22\x75\x74\x66\
\x2d\x38\x22\x3f\x3e\x0d\x0a\x3c\x21\x2d\x2d\x20\x47\x65\x6e\x65\
\x72\x61\x74\x6f\x72\x3a\x20\x41\x64\x6f\x62\x65\x20\x49\x6c\x6c\
\x75\x73\x74\x72\x61\x74\x6f\x72\x20\x32\x34\x2e\x33\x2e\x30\x2c\
\x20\x53\x56\x47\x20\x45\x78\x70\x6f\x72\x74\x20\x50\x6c\x75\x67\
\x2d\x49\x6e\x20\x2e\x20\x53\x56\x47\x20\x56\x65\x72\x73\x69\x6f\
\x6e\x3a\x20\x36\x2e\x30\x30\x20\x42\x75\x69\x6c\x64\x20\x30\x29\
\x20\x20\x2d\x2d\x3e\x0d\x0a\x3c\x73\x76\x67\x20\x76\x65\x72\x73\
\x69\x6f\x6e\x3d\x22\x31\x2e\x31\x22\x20\x69\x64\x3d\x22\x4c\x61\
\x79\x65\x72\x5f\x31\x22\x20\x78\x6d\x6c\x6e\x73\x3d\x22\x68\x74\
\x74\x70\x3a\x2f\x2f\x77\x77\x77\x2e\x77\x33\x2e\x6f\x72\x67\x2f\
\x32\x30\x30\x30\x2f\x73\x76\x67\x22\x20\x78\x6d\x6c\x6e\x73\x3a\
\x78\x6c\x69\x6e\x6b\x3d\x22\x68\x74\x74\x70\x3a\x2f\x2f\x77\x77\
\x77\x2e\x77\x33\x2e\x6f\x72\x67\x2f\x31\x39\x39\x39\x2f\x78\x6c\
\x69\x6e\x6b\x22\x20\x78\x3d\x22\x30\x70\x78\x22\x20\x79\x3d\x22\
\x30\x70\x78\x22\x0d\x0a\x09\x20\x76\x69\x65\x77\x42\x6f\x78\x3d\
\x22\x30\x20\x30\x20\x34\x34\x38\x20\x35\x31\x32\x22\x20\x73\x74\
\x79\x6c\x65\x3d\x22\x65\x6e\x61\x62\x6c\x65\x2d\x62\x61\x63\x6b\
\x67\x72\x6f\x75\x6e\x64\x3a\x6e\x65\x77\x20\x30\x20\x30\x20\x34\
\x34\x38\x20\x35\x31\x32\x3b\x22\x20\x78\x6d\x6c\x3a\x73\x70\x61\
\x63\x65\x3d\x22\x70\x72\x65\x73\x65\x72\x76\x65\x22\x3e\x0d\x0a\
\x3c\x73\x74\x79\x6c\x65\x20\x74\x79\x70\x65\x3d\x22\x74\x65\x78\
\x74\x2f\x63\x73\x73\x22\x3e\x0d\x0a\x09\x2e\x73\x74\x30\x7b\x66\
\x69\x6c\x6c\x3a\x23\x46\x43\x42\x32\x34\x37\x3b\x73\x74\x72\x6f\
\x6b\x65\x3a\x23\x33\x33\x36\x36\x39\x41\x3b\x73\x74\x72\x6f\x6b\
\x65\x2d\x6d\x69\x74\x65\x72\x6c\x69\x6d\x69\x74\x3a\x31\x30\x3b\
\x7d\x0d\x0a\x3c\x2f\x73\x74\x79\x6c\x65\x3e\x0d\x0a\x3c\x70\x61\
\x74\x68\x20\x63\x6c\x61\x73\x73\x3d\x22\x73\x74\x30\x22\x20\x64\
\x3d\x22\x4d\x34\x33\x39\x2e\x38\x2c\x32\x30\x30\x2e\x35\x63\x2d\
\x37\x2e\x37\x2d\x33\x30\x2e\x39\x2d\x32\x32\x2e\x33\x2d\x35\x34\
\x2e\x32\x2d\x35\x33\x2e\x34\x2d\x35\x34\x2e\x32\x68\x2d\x34\x30\
\x2e\x31\x76\x34\x37\x2e\x34\x63\x30\x2c\x33\x36\x2e\x38\x2d\x33\
\x31\x2e\x32\x2c\x36\x37\x2e\x38\x2d\x36\x36\x2e\x38\x2c\x36\x37\
\x2e\x38\x63\x2d\x31\x33\x2e\x38\x2c\x30\x2d\x32\x37\x2e\x37\x2c\
\x30\x2d\x34\x31\x2e\x35\x2c\x30\x0d\x0a\x09\x63\x2d\x31\x31\x2e\
\x33\x2c\x30\x2d\x32\x32\x2e\x37\x2c\x30\x2d\x33\x34\x2c\x30\x63\
\x2d\x31\x30\x2e\x34\x2c\x30\x2d\x32\x30\x2e\x39\x2c\x30\x2d\x33\
\x31\x2e\x33\x2c\x30\x63\x2d\x33\x2e\x38\x2c\x30\x2e\x31\x2d\x32\
\x32\x2e\x36\x2c\x30\x2e\x38\x2d\x33\x37\x2e\x37\x2c\x31\x36\x2e\
\x32\x63\x2d\x39\x2e\x37\x2c\x39\x2e\x39\x2d\x31\x35\x2e\x37\x2c\
\x32\x33\x2e\x35\x2d\x31\x35\x2e\x37\x2c\x33\x38\x2e\x31\x76\x31\
\x30\x31\x2e\x38\x0d\x0a\x09\x63\x30\x2c\x32\x39\x2c\x32\x35\x2e\
\x32\x2c\x34\x36\x2c\x35\x33\x2e\x34\x2c\x35\x34\x2e\x33\x63\x33\
\x33\x2e\x38\x2c\x39\x2e\x39\x2c\x36\x36\x2e\x33\x2c\x31\x31\x2e\
\x37\x2c\x31\x30\x36\x2e\x38\x2c\x30\x63\x32\x36\x2e\x39\x2d\x37\
\x2e\x38\x2c\x35\x33\x2e\x34\x2d\x32\x33\x2e\x35\x2c\x35\x33\x2e\
\x34\x2d\x35\x34\x2e\x33\x76\x2d\x34\x30\x2e\x37\x48\x32\x32\x36\
\x2e\x32\x76\x2d\x31\x33\x2e\x36\x68\x31\x36\x30\x2e\x32\x0d\x0a\
\x09\x63\x33\x31\x2e\x31\x2c\x30\x2c\x34\x32\x2e\x36\x2d\x32\x31\
\x2e\x37\x2c\x35\x33\x2e\x34\x2d\x35\x34\x2e\x32\x43\x34\x35\x31\
\x2c\x32\x37\x35\x2e\x36\x2c\x34\x35\x30\x2e\x35\x2c\x32\x34\x33\
\x2e\x34\x2c\x34\x33\x39\x2e\x38\x2c\x32\x30\x30\x2e\x35\x4c\x34\
\x33\x39\x2e\x38\x2c\x32\x30\x30\x2e\x35\x7a\x20\x4d\x32\x38\x36\
\x2e\x32\x2c\x34\x30\x34\x63\x31\x31\x2e\x31\x2c\x30\x2c\x32\x30\
\x2e\x31\x2c\x39\x2e\x31\x2c\x32\x30\x2e\x31\x2c\x32\x30\x2e\x33\
\x0d\x0a\x09\x63\x30\x2c\x31\x31\x2e\x33\x2d\x39\x2c\x32\x30\x2e\
\x34\x2d\x32\x30\x2e\x31\x2c\x32\x30\x2e\x34\x63\x2d\x31\x31\x2c\
\x30\x2d\x32\x30\x2e\x31\x2d\x39\x2e\x32\x2d\x32\x30\x2e\x31\x2d\
\x32\x30\x2e\x34\x43\x32\x36\x36\x2e\x32\x2c\x34\x31\x33\x2c\x32\
\x37\x35\x2e\x32\x2c\x34\x30\x34\x2c\x32\x38\x36\x2e\x32\x2c\x34\
\x30\x34\x7a\x20\x4d\x31\x36\x37\x2e\x38\x2c\x32\x34\x38\x2e\x31\
\x68\x31\x30\x36\x2e\x38\x63\x32\x39\x2e\x37\x2c\x30\x2c\x35\x33\
\x2e\x34\x2d\x32\x34\x2e\x35\x2c\x35\x33\x2e\x34\x2d\x35\x34\x2e\
\x33\x0d\x0a\x09\x56\x39\x31\x2e\x39\x63\x30\x2d\x32\x39\x2d\x32\
\x34\x2e\x34\x2d\x35\x30\x2e\x37\x2d\x35\x33\x2e\x34\x2d\x35\x35\
\x2e\x36\x63\x2d\x33\x35\x2e\x38\x2d\x35\x2e\x39\x2d\x37\x34\x2e\
\x37\x2d\x35\x2e\x36\x2d\x31\x30\x36\x2e\x38\x2c\x30\x2e\x31\x63\
\x2d\x34\x35\x2e\x32\x2c\x38\x2d\x35\x33\x2e\x34\x2c\x32\x34\x2e\
\x37\x2d\x35\x33\x2e\x34\x2c\x35\x35\x2e\x36\x76\x34\x30\x2e\x37\
\x68\x31\x30\x36\x2e\x39\x76\x31\x33\x2e\x36\x68\x2d\x31\x34\x37\
\x0d\x0a\x09\x63\x2d\x33\x31\x2e\x31\x2c\x30\x2d\x35\x38\x2e\x33\
\x2c\x31\x38\x2e\x37\x2d\x36\x36\x2e\x38\x2c\x35\x34\x2e\x32\x63\
\x2d\x39\x2e\x38\x2c\x34\x30\x2e\x37\x2d\x31\x30\x2e\x32\x2c\x36\
\x36\x2e\x31\x2c\x30\x2c\x31\x30\x38\x2e\x36\x63\x37\x2e\x36\x2c\
\x33\x31\x2e\x36\x2c\x32\x35\x2e\x37\x2c\x35\x34\x2e\x32\x2c\x35\
\x36\x2e\x38\x2c\x35\x34\x2e\x32\x48\x31\x30\x31\x76\x2d\x34\x38\
\x2e\x38\x0d\x0a\x09\x43\x31\x30\x31\x2c\x32\x37\x39\x2e\x32\x2c\
\x31\x33\x31\x2e\x35\x2c\x32\x34\x38\x2e\x31\x2c\x31\x36\x37\x2e\
\x38\x2c\x32\x34\x38\x2e\x31\x4c\x31\x36\x37\x2e\x38\x2c\x32\x34\
\x38\x2e\x31\x7a\x20\x4d\x31\x36\x31\x2e\x31\x2c\x31\x30\x35\x2e\
\x35\x63\x2d\x31\x31\x2e\x31\x2c\x30\x2d\x32\x30\x2e\x31\x2d\x39\
\x2e\x31\x2d\x32\x30\x2e\x31\x2d\x32\x30\x2e\x33\x63\x30\x2e\x31\
\x2d\x31\x31\x2e\x33\x2c\x39\x2d\x32\x30\x2e\x34\x2c\x32\x30\x2e\
\x31\x2d\x32\x30\x2e\x34\x0d\x0a\x09\x63\x31\x31\x2c\x30\x2c\x32\
\x30\x2e\x31\x2c\x39\x2e\x32\x2c\x32\x30\x2e\x31\x2c\x32\x30\x2e\
\x34\x53\x31\x37\x32\x2e\x32\x2c\x31\x30\x35\x2e\x35\x2c\x31\x36\
\x31\x2e\x31\x2c\x31\x30\x35\x2e\x35\x7a\x20\x4d\x35\x36\x35\x2c\
\x31\x34\x31\x22\x2f\x3e\x0d\x0a\x3c\x2f\x73\x76\x67\x3e\x0d\x0a\
\
\x00\x00\x01\x34\
\x3c\
\x73\x76\x67\x20\x78\x6d\x6c\x6e\x73\x3d\x22\x68\x74\x74\x70\x3a\
\x2f\x2f\x77\x77\x77\x2e\x77\x33\x2e\x6f\x72\x67\x2f\x32\x30\x30\
\x30\x2f\x73\x76\x67\x22\x20\x77\x69\x64\x74\x68\x3d\x22\x33\x32\
\x22\x20\x68\x65\x69\x67\x68\x74\x3d\x22\x33\x32\x22\x20\x76\x69\
\x65\x77\x42\x6f\x78\x3d\x22\x30\x20\x30\x20\x32\x34\x20\x32\x34\
\x22\x20\x66\x69\x6c\x6c\x3d\x22\x6e\x6f\x6e\x65\x22\x20\x73\x74\
\x72\x6f\x6b\x65\x3d\x22\x23\x65\x36\x30\x35\x34\x30\x22\x20\x73\
\x74\x72\x6f\x6b\x65\x2d\x77\x69\x64\x74\x68\x3d\x22\x33\x22\x20\
\x73\x74\x72\x6f\x6b\x65\x2d\x6c\x69\x6e\x65\x63\x61\x70\x3d\x22\
\x72\x6f\x75\x6e\x64\x22\x20\x73\x74\x72\x6f\x6b\x65\x2d\x6c\x69\
\x6e\x65\x6a\x6f\x69\x6e\x3d\x22\x72\x6f\x75\x6e\x64\x22\x20\x63\
\x6c\x61\x73\x73\x3d\x22\x66\x65\x61\x74\x68\x65\x72\x20\x66\x65\
\x61\x74\x68\x65\x72\x2d\x75\x73\x65\x72\x22\x3e\x3c\x70\x61\x74\
\x68\x20\x64\x3d\x22\x4d\x32\x30\x20\x32\x31\x76\x2d\x32\x61\x34\
\x20\x34\x20\x30\x20\x30\x20\x30\x2d\x34\x2d\x34\x48\x38\x61\x34\
\x20\x34\x20\x30\x20\x30\x20\x30\x2d\x34\x20\x34\x76\x32\x22\x3e\
\x3c\x2f\x70\x61\x74\x68\x3e\x3c\x63\x69\x72\x63\x6c\x65\x20\x63\
\x78\x3d\x22\x31\x32\x22\x20\x63\x79\x3d\x22\x37\x22\x20\x72\x3d\
\x22\x34\x22\x3e\x3c\x2f\x63\x69\x72\x63\x6c\x65\x3e\x3c\x2f\x73\
\x76\x67\x3e\
\x00\x00\x02\x45\
\x3c\
\x73\x76\x67\x20\x78\x6d\x6c\x6e\x73\x3d\x22\x68\x74\x74\x70\x3a\
\x2f\x2f\x77\x77\x77\x2e\x77\x33\x2e\x6f\x72\x67\x2f\x32\x30\x30\
\x30\x2f\x73\x76\x67\x22\x20\x76\x69\x65\x77\x42\x6f\x78\x3d\x22\
\x30\x20\x30\x20\x35\x31\x32\x20\x35\x31\x32\x22\x3e\x3c\x21\x2d\
\x2d\x20\x46\x6f\x6e\x74\x20\x41\x77\x65\x73\x6f\x6d\x65\x20\x46\
\x72\x65\x65\x20\x35\x2e\x31\x35\x2e\x34\x20\x62\x79\x20\x40\x66\
\x6f\x6e\x74\x61\x77\x65\x73\x6f\x6d\x65\x20\x2d\x20\x68\x74\x74\
\x70\x73\x3a\x2f\x2f\x66\x6f\x6e\x74\x61\x77\x65\x73\x6f\x6d\x65\
\x2e\x63\x6f\x6d\x20\x4c\x69\x63\x65\x6e\x73\x65\x20\x2d\x20\x68\
\x74\x74\x70\x73\x3a\x2f\x2f\x66\x6f\x6e\x74\x61\x77\x65\x73\x6f\
\x6d\x65\x2e\x63\x6f\x6d\x2f\x6c\x69\x63\x65\x6e\x73\x65\x2f\x66\
\x72\x65\x65\x20\x28\x49\x63\x6f\x6e\x73\x3a\x20\x43\x43\x20\x42\
\x59\x20\x34\x2e\x30\x2c\x20\x46\x6f\x6e\x74\x73\x3a\x20\x53\x49\
\x4c\x20\x4f\x46\x4c\x20\x31\x2e\x31\x2c\x20\x43\x6f\x64\x65\x3a\
\x20\x4d\x49\x54\x20\x4c\x69\x63\x65\x6e\x73\x65\x29\x20\x2d\x2d\
\x3e\x3c\x70\x61\x74\x68\x20\x64\x3d\x22\x4d\x32\x35\x36\x20\x35\
\x30\x34\x43\x31\x31\x39\x20\x35\x30\x34\x20\x38\x20\x33\x39\x33\
\x20\x38\x20\x32\x35\x36\x53\x31\x31\x39\x20\x38\x20\x32\x35\x36\
\x20\x38\x73\x32\x34\x38\x20\x31\x31\x31\x20\x32\x34\x38\x20\x32\
\x34\x38\x2d\x31\x31\x31\x20\x32\x34\x38\x2d\x32\x34\x38\x20\x32\
\x34\x38\x7a\x6d\x32\x38\x2e\x39\x2d\x31\x34\x33\x2e\x36\x4c\x32\
\x30\x39\x2e\x34\x20\x32\x38\x38\x48\x33\x39\x32\x63\x31\x33\x2e\
\x33\x20\x30\x20\x32\x34\x2d\x31\x30\x2e\x37\x20\x32\x34\x2d\x32\
\x34\x76\x2d\x31\x36\x63\x30\x2d\x31\x33\x2e\x33\x2d\x31\x30\x2e\
\x37\x2d\x32\x34\x2d\x32\x34\x2d\x32\x34\x48\x32\x30\x39\x2e\x34\
\x6c\x37\x35\x2e\x35\x2d\x37\x32\x2e\x34\x63\x39\x2e\x37\x2d\x39\
\x2e\x33\x20\x39\x2e\x39\x2d\x32\x34\x2e\x38\x2e\x34\x2d\x33\x34\
\x2e\x33\x6c\x2d\x31\x31\x2d\x31\x30\x2e\x39\x63\x2d\x39\x2e\x34\
\x2d\x39\x2e\x34\x2d\x32\x34\x2e\x36\x2d\x39\x2e\x34\x2d\x33\x33\
\x2e\x39\x20\x30\x4c\x31\x30\x37\x2e\x37\x20\x32\x33\x39\x63\x2d\
\x39\x2e\x34\x20\x39\x2e\x34\x2d\x39\x2e\x34\x20\x32\x34\x2e\x36\
\x20\x30\x20\x33\x33\x2e\x39\x6c\x31\x33\x32\x2e\x37\x20\x31\x33\
\x32\x2e\x37\x63\x39\x2e\x34\x20\x39\x2e\x34\x20\x32\x34\x2e\x36\
\x20\x39\x2e\x34\x20\x33\x33\x2e\x39\x20\x30\x6c\x31\x31\x2d\x31\
\x30\x2e\x39\x63\x39\x2e\x35\x2d\x39\x2e\x35\x20\x39\x2e\x33\x2d\
\x32\x35\x2d\x2e\x34\x2d\x33\x34\x2e\x33\x7a\x22\x2f\x3e\x3c\x2f\
\x73\x76\x67\x3e\
\x00\x00\x02\x41\
\x3c\
\x73\x76\x67\x20\x78\x6d\x6c\x6e\x73\x3d\x22\x68\x74\x74\x70\x3a\
\x2f\x2f\x77\x77\x77\x2e\x77\x33\x2e\x6f\x72\x67\x2f\x32\x30\x30\
\x30\x2f\x73\x76\x67\x22\x20\x76\x69\x65\x77\x42\x6f\x78\x3d\x22\
\x30\x20\x30\x20\x35\x31\x32\x20\x35\x31\x32\x22\x3e\x3c\x21\x2d\
\x2d\x20\x46\x6f\x6e\x74\x20\x41\x77\x65\x73\x6f\x6d\x65\x20\x46\
\x72\x65\x65\x20\x35\x2e\x31\x35\x2e\x34\x20\x62\x79\x20\x40\x66\
\x6f\x6e\x74\x61\x77\x65\x73\x6f\x6d\x65\x20\x2d\x20\x68\x74\x74\
\x70\x73\x3a\x2f\x2f\x66\x6f\x6e\x74\x61\x77\x65\x73\x6f\x6d\x65\
\x2e\x63\x6f\x6d\x20\x4c\x69\x63\x65\x6e\x73\x65\x20\x2d\x20\x68\
\x74\x74\x70\x73\x3a\x2f\x2f\x66\x6f\x6e\x74\x61\x77\x65\x73\x6f\
\x6d\x65\x2e\x63\x6f\x6d\x2f\x6c\x69\x63\x65\x6e\x73\x65\x2f\x66\
\x72\x65\x65\x20\x28\x49\x63\x6f\x6e\x73\x3a\x20\x43\x43\x20\x42\
\x59\x20\x34\x2e\x30\x2c\x20\x46\x6f\x6e\x74\x73\x3a\x20\x53\x49\
\x4c\x20\x4f\x46\x4c\x20\x31\x2e\x31\x2c\x20\x43\x6f\x64\x65\x3a\
\x20\x4d\x49\x54\x20\x4c\x69\x63\x65\x6e\x73\x65\x29\x20\x2d\x2d\
\x3e\x3c\x70\x61\x74\x68\x20\x64\x3d\x22\x4d\x38\x20\x32\x35\x36\
\x43\x38\x20\x31\x31\x39\x20\x31\x31\x39\x20\x38\x20\x32\x35\x36\
\x20\x38\x73\x32\x34\x38\x20\x31\x31\x31\x20\x32\x34\x38\x20\x32\
\x34\x38\x2d\x31\x31\x31\x20\x32\x34\x38\x2d\x32\x34\x38\x20\x32\
\x34\x38\x53\x38\x20\x33\x39\x33\x20\x38\x20\x32\x35\x36\x7a\x6d\
\x31\x34\x33\x2e\x36\x20\x32\x38\x2e\x39\x6c\x37\x32\x2e\x34\x2d\
\x37\x35\x2e\x35\x56\x33\x39\x32\x63\x30\x20\x31\x33\x2e\x33\x20\
\x31\x30\x2e\x37\x20\x32\x34\x20\x32\x34\x20\x32\x34\x68\x31\x36\
\x63\x31\x33\x2e\x33\x20\x30\x20\x32\x34\x2d\x31\x30\x2e\x37\x20\
\x32\x34\x2d\x32\x34\x56\x32\x30\x39\x2e\x34\x6c\x37\x32\x2e\x34\
\x20\x37\x35\x2e\x35\x63\x39\x2e\x33\x20\x39\x2e\x37\x20\x32\x34\
\x2e\x38\x20\x39\x2e\x39\x20\x33\x34\x2e\x33\x2e\x34\x6c\x31\x30\
\x2e\x39\x2d\x31\x31\x63\x39\x2e\x34\x2d\x39\x2e\x34\x20\x39\x2e\
\x34\x2d\x32\x34\x2e\x36\x20\x30\x2d\x33\x33\x2e\x39\x4c\x32\x37\
\x33\x20\x31\x30\x37\x2e\x37\x63\x2d\x39\x2e\x34\x2d\x39\x2e\x34\
\x2d\x32\x34\x2e\x36\x2d\x39\x2e\x34\x2d\x33\x33\x2e\x39\x20\x30\
\x4c\x31\x30\x36\x2e\x33\x20\x32\x34\x30\x2e\x34\x63\x2d\x39\x2e\
\x34\x20\x39\x2e\x34\x2d\x39\x2e\x34\x20\x32\x34\x2e\x36\x20\x30\
\x20\x33\x33\x2e\x39\x6c\x31\x30\x2e\x39\x20\x31\x31\x63\x39\x2e\
\x36\x20\x39\x2e\x35\x20\x32\x35\x2e\x31\x20\x39\x2e\x33\x20\x33\
\x34\x2e\x34\x2d\x2e\x34\x7a\x22\x2f\x3e\x3c\x2f\x73\x76\x67\x3e\
\
\x00\x00\x01\x5f\
\x3c\
\x73\x76\x67\x20\x78\x6d\x6c\x6e\x73\x3d\x22\x68\x74\x74\x70\x3a\
\x2f\x2f\x77\x77\x77\x2e\x77\x33\x2e\x6f\x72\x67\x2f\x32\x30\x30\
\x30\x2f\x73\x76\x67\x22\x20\x77\x69\x64\x74\x68\x3d\x22\x33\x32\
\x22\x20\x68\x65\x69\x67\x68\x74\x3d\x22\x33\x32\x22\x20\x76\x69\
\x65\x77\x42\x6f\x78\x3d\x22\x30\x20\x30\x20\x32\x34\x20\x32\x34\
\x22\x20\x66\x69\x6c\x6c\x3d\x22\x6e\x6f\x6e\x65\x22\x20\x73\x74\
\x72\x6f\x6b\x65\x3d\x22\x23\x65\x36\x30\x35\x34\x30\x22\x20\x73\
\x74\x72\x6f\x6b\x65\x2d\x77\x69\x64\x74\x68\x3d\x22\x33\x22\x20\
\x73\x74\x72\x6f\x6b\x65\x2d\x6c\x69\x6e\x65\x63\x61\x70\x3d\x22\
\x72\x6f\x75\x6e\x64\x22\x20\x73\x74\x72\x6f\x6b\x65\x2d\x6c\x69\
\x6e\x65\x6a\x6f\x69\x6e\x3d\x22\x72\x6f\x75\x6e\x64\x22\x20\x63\
\x6c\x61\x73\x73\x3d\x22\x66\x65\x61\x74\x68\x65\x72\x20\x66\x65\
\x61\x74\x68\x65\x72\x2d\x63\x61\x6d\x65\x72\x61\x22\x3e\x3c\x70\
\x61\x74\x68\x20\x64\x3d\x22\x4d\x32\x33\x20\x31\x39\x61\x32\x20\
\x32\x20\x30\x20\x30\x20\x31\x2d\x32\x20\x32\x48\x33\x61\x32\x20\
\x32\x20\x30\x20\x30\x20\x31\x2d\x32\x2d\x32\x56\x38\x61\x32\x20\
\x32\x20\x30\x20\x30\x20\x31\x20\x32\x2d\x32\x68\x34\x6c\x32\x2d\
\x33\x68\x36\x6c\x32\x20\x33\x68\x34\x61\x32\x20\x32\x20\x30\x20\
\x30\x20\x31\x20\x32\x20\x32\x7a\x22\x3e\x3c\x2f\x70\x61\x74\x68\
\x3e\x3c\x63\x69\x72\x63\x6c\x65\x20\x63\x78\x3d\x22\x31\x32\x22\
\x20\x63\x79\x3d\x22\x31\x33\x22\x20\x72\x3d\x22\x34\x22\x3e\x3c\
\x2f\x63\x69\x72\x63\x6c\x65\x3e\x3c\x2f\x73\x76\x67\x3e\
\x00\x00\x01\x55\
\x3c\
\x73\x76\x67\x20\x78\x6d\x6c\x6e\x73\x3d\x22\x68\x74\x74\x70\x3a\
\x2f\x2f\x77\x77\x77\x2e\x77\x33\x2e\x6f\x72\x67\x2f\x32\x30\x30\
\x30\x2f\x73\x76\x67\x22\x20\x77\x69\x64\x74\x68\x3d\x22\x33\x32\
\x22\x20\x68\x65\x69\x67\x68\x74\x3d\x22\x33\x32\x22\x20\x76\x69\
\x65\x77\x42\x6f\x78\x3d\x22\x30\x20\x30\x20\x32\x34\x20\x32\x34\
\x22\x20\x66\x69\x6c\x6c\x3d\x22\x6e\x6f\x6e\x65\x22\x20\x73\x74\
\x72\x6f\x6b\x65\x3d\x22\x23\x65\x36\x30\x35\x34\x30\x22\x20\x73\
\x74\x72\x6f\x6b\x65\x2d\x77\x69\x64\x74\x68\x3d\x22\x33\x22\x20\
\x73\x74\x72\x6f\x6b\x65\x2d\x6c\x69\x6e\x65\x63\x61\x70\x3d\x22\
\x72\x6f\x75\x6e\x64\x22\x20\x73\x74\x72\x6f\x6b\x65\x2d\x6c\x69\
\x6e\x65\x6a\x6f\x69\x6e\x3d\x22\x72\x6f\x75\x6e\x64\x22\x20\x63\
\x6c\x61\x73\x73\x3d\x22\x66\x65\x61\x74\x68\x65\x72\x20\x66\x65\
\x61\x74\x68\x65\x72\x2d\x6d\x65\x6e\x75\x22\x3e\x3c\x6c\x69\x6e\
\x65\x20\x78\x31\x3d\x22\x33\x22\x20\x79\x31\x3d\x22\x31\x32\x22\
\x20\x78\x32\x3d\x22\x32\x31\x22\x20\x79\x32\x3d\x22\x31\x32\x22\
\x3e\x3c\x2f\x6c\x69\x6e\x65\x3e\x3c\x6c\x69\x6e\x65\x20\x78\x31\
\x3d\x22\x33\x22\x20\x79\x31\x3d\x22\x36\x22\x20\x78\x32\x3d\x22\
\x32\x31\x22\x20\x79\x32\x3d\x22\x36\x22\x3e\x3c\x2f\x6c\x69\x6e\
\x65\x3e\x3c\x6c\x69\x6e\x65\x20\x78\x31\x3d\x22\x33\x22\x20\x79\
\x31\x3d\x22\x31\x38\x22\x20\x78\x32\x3d\x22\x32\x31\x22\x20\x79\
\x32\x3d\x22\x31\x38\x22\x3e\x3c\x2f\x6c\x69\x6e\x65\x3e\x3c\x2f\
\x73\x76\x67\x3e\
\x00\x00\x01\x88\
\x3c\
\x73\x76\x67\x20\x78\x6d\x6c\x6e\x73\x3d\x22\x68\x74\x74\x70\x3a\
\x2f\x2f\x77\x77\x77\x2e\x77\x33\x2e\x6f\x72\x67\x2f\x32\x30\x30\
\x30\x2f\x73\x76\x67\x22\x20\x77\x69\x64\x74\x68\x3d\x22\x33\x32\
\x22\x20\x68\x65\x69\x67\x68\x74\x3d\x22\x33\x32\x22\x20\x76\x69\
\x65\x77\x42\x6f\x78\x3d\x22\x30\x20\x30\x20\x32\x34\x20\x32\x34\
\x22\x20\x66\x69\x6c\x6c\x3d\x22\x6e\x6f\x6e\x65\x22\x20\x73\x74\
\x72\x6f\x6b\x65\x3d\x22\x23\x65\x36\x30\x35\x34\x30\x22\x20\x73\
\x74\x72\x6f\x6b\x65\x2d\x77\x69\x64\x74\x68\x3d\x22\x33\x22\x20\
\x73\x74\x72\x6f\x6b\x65\x2d\x6c\x69\x6e\x65\x63\x61\x70\x3d\x22\
\x72\x6f\x75\x6e\x64\x22\x20\x73\x74\x72\x6f\x6b\x65\x2d\x6c\x69\
\x6e\x65\x6a\x6f\x69\x6e\x3d\x22\x72\x6f\x75\x6e\x64\x22\x20\x63\
\x6c\x61\x73\x73\x3d\x22\x66\x65\x61\x74\x68\x65\x72\x20\x66\x65\
\x61\x74\x68\x65\x72\x2d\x7a\x6f\x6f\x6d\x2d\x69\x6e\x22\x3e\x3c\
\x63\x69\x72\x63\x6c\x65\x20\x63\x78\x3d\x22\x31\x31\x22\x20\x63\
\x79\x3d\x22\x31\x31\x22\x20\x72\x3d\x22\x38\x22\x3e\x3c\x2f\x63\
\x69\x72\x63\x6c\x65\x3e\x3c\x6c\x69\x6e\x65\x20\x78\x31\x3d\x22\
\x32\x31\x22\x20\x79\x31\x3d\x22\x32\x31\x22\x20\x78\x32\x3d\x22\
\x31\x36\x2e\x36\x35\x22\x20\x79\x32\x3d\x22\x31\x36\x2e\x36\x35\
\x22\x3e\x3c\x2f\x6c\x69\x6e\x65\x3e\x3c\x6c\x69\x6e\x65\x20\x78\
\x31\x3d\x22\x31\x31\x22\x20\x79\x31\x3d\x22\x38\x22\x20\x78\x32\
\x3d\x22\x31\x31\x22\x20\x79\x32\x3d\x22\x31\x34\x22\x3e\x3c\x2f\
\x6c\x69\x6e\x65\x3e\x3c\x6c\x69\x6e\x65\x20\x78\x31\x3d\x22\x38\
\x22\x20\x79\x31\x3d\x22\x31\x31\x22\x20\x78\x32\x3d\x22\x31\x34\
\x22\x20\x79\x32\x3d\x22\x31\x31\x22\x3e\x3c\x2f\x6c\x69\x6e\x65\
\x3e\x3c\x2f\x73\x76\x67\x3e\
\x00\x00\x01\x32\
\x3c\
\x73\x76\x67\x20\x78\x6d\x6c\x6e\x73\x3d\x22\x68\x74\x74\x70\x3a\
\x2f\x2f\x77\x77\x77\x2e\x77\x33\x2e\x6f\x72\x67\x2f\x32\x30\x30\
\x30\x2f\x73\x76\x67\x22\x20\x77\x69\x64\x74\x68\x3d\x22\x33\x32\
\x22\x20\x68\x65\x69\x67\x68\x74\x3d\x22\x33\x32\x22\x20\x76\x69\
\x65\x77\x42\x6f\x78\x3d\x22\x30\x20\x30\x20\x32\x34\x20\x32\x34\
\x22\x20\x66\x69\x6c\x6c\x3d\x22\x6e\x6f\x6e\x65\x22\x20\x73\x74\
\x72\x6f\x6b\x65\x3d\x22\x23\x65\x36\x30\x35\x34\x30\x22\x20\x73\
\x74\x72\x6f\x6b\x65\x2d\x77\x69\x64\x74\x68\x3d\x22\x33\x22\x20\
\x73\x74\x72\x6f\x6b\x65\x2d\x6c\x69\x6e\x65\x63\x61\x70\x3d\x22\
\x72\x6f\x75\x6e\x64\x22\x20\x73\x74\x72\x6f\x6b\x65\x2d\x6c\x69\
\x6e\x65\x6a\x6f\x69\x6e\x3d\x22\x72\x6f\x75\x6e\x64\x22\x20\x63\
\x6c\x61\x73\x73\x3d\x22\x66\x65\x61\x74\x68\x65\x72\x20\x66\x65\
\x61\x74\x68\x65\x72\x2d\x66\x6f\x6c\x64\x65\x72\x22\x3e\x3c\x70\
\x61\x74\x68\x20\x64\x3d\x22\x4d\x32\x32\x20\x31\x39\x61\x32\x20\
\x32\x20\x30\x20\x30\x20\x31\x2d\x32\x20\x32\x48\x34\x61\x32\x20\
\x32\x20\x30\x20\x30\x20\x31\x2d\x32\x2d\x32\x56\x35\x61\x32\x20\
\x32\x20\x30\x20\x30\x20\x31\x20\x32\x2d\x32\x68\x35\x6c\x32\x20\
\x33\x68\x39\x61\x32\x20\x32\x20\x30\x20\x30\x20\x31\x20\x32\x20\
\x32\x7a\x22\x3e\x3c\x2f\x70\x61\x74\x68\x3e\x3c\x2f\x73\x76\x67\
\x3e\
\x00\x00\x01\x93\
\x3c\
\x73\x76\x67\x20\x78\x6d\x6c\x6e\x73\x3d\x22\x68\x74\x74\x70\x3a\
\x2f\x2f\x77\x77\x77\x2e\x77\x33\x2e\x6f\x72\x67\x2f\x32\x30\x30\
\x30\x2f\x73\x76\x67\x22\x20\x77\x69\x64\x74\x68\x3d\x22\x33\x32\
\x22\x20\x68\x65\x69\x67\x68\x74\x3d\x22\x33\x32\x22\x20\x76\x69\
\x65\x77\x42\x6f\x78\x3d\x22\x30\x20\x30\x20\x32\x34\x20\x32\x34\
\x22\x20\x66\x69\x6c\x6c\x3d\x22\x6e\x6f\x6e\x65\x22\x20\x73\x74\
\x72\x6f\x6b\x65\x3d\x22\x23\x65\x36\x30\x35\x34\x30\x22\x20\x73\
\x74\x72\x6f\x6b\x65\x2d\x77\x69\x64\x74\x68\x3d\x22\x33\x22\x20\
\x73\x74\x72\x6f\x6b\x65\x2d\x6c\x69\x6e\x65\x63\x61\x70\x3d\x22\
\x72\x6f\x75\x6e\x64\x22\x20\x73\x74\x72\x6f\x6b\x65\x2d\x6c\x69\
\x6e\x65\x6a\x6f\x69\x6e\x3d\x22\x72\x6f\x75\x6e\x64\x22\x20\x63\
\x6c\x61\x73\x73\x3d\x22\x66\x65\x61\x74\x68\x65\x72\x20\x66\x65\
\x61\x74\x68\x65\x72\x2d\x74\x77\x69\x74\x74\x65\x72\x22\x3e\x3c\
\x70\x61\x74\x68\x20\x64\x3d\x22\x4d\x32\x33\x20\x33\x61\x31\x30\
\x2e\x39\x20\x31\x30\x2e\x39\x20\x30\x20\x30\x20\x31\x2d\x33\x2e\
\x31\x34\x20\x31\x2e\x35\x33\x20\x34\x2e\x34\x38\x20\x34\x2e\x34\
\x38\x20\x30\x20\x30\x20\x30\x2d\x37\x2e\x38\x36\x20\x33\x76\x31\
\x41\x31\x30\x2e\x36\x36\x20\x31\x30\x2e\x36\x36\x20\x30\x20\x30\
\x20\x31\x20\x33\x20\x34\x73\x2d\x34\x20\x39\x20\x35\x20\x31\x33\
\x61\x31\x31\x2e\x36\x34\x20\x31\x31\x2e\x36\x34\x20\x30\x20\x30\
\x20\x31\x2d\x37\x20\x32\x63\x39\x20\x35\x20\x32\x30\x20\x30\x20\
\x32\x30\x2d\x31\x31\x2e\x35\x61\x34\x2e\x35\x20\x34\x2e\x35\x20\
\x30\x20\x30\x20\x30\x2d\x2e\x30\x38\x2d\x2e\x38\x33\x41\x37\x2e\
\x37\x32\x20\x37\x2e\x37\x32\x20\x30\x20\x30\x20\x30\x20\x32\x33\
\x20\x33\x7a\x22\x3e\x3c\x2f\x70\x61\x74\x68\x3e\x3c\x2f\x73\x76\
\x67\x3e\
\x00\x00\x01\x35\
\x3c\
\x73\x76\x67\x20\x78\x6d\x6c\x6e\x73\x3d\x22\x68\x74\x74\x70\x3a\
\x2f\x2f\x77\x77\x77\x2e\x77\x33\x2e\x6f\x72\x67\x2f\x32\x30\x30\
\x30\x2f\x73\x76\x67\x22\x20\x77\x69\x64\x74\x68\x3d\x22\x33\x32\
\x22\x20\x68\x65\x69\x67\x68\x74\x3d\x22\x33\x32\x22\x20\x76\x69\
\x65\x77\x42\x6f\x78\x3d\x22\x30\x20\x30\x20\x32\x34\x20\x32\x34\
\x22\x20\x66\x69\x6c\x6c\x3d\x22\x6e\x6f\x6e\x65\x22\x20\x73\x74\
\x72\x6f\x6b\x65\x3d\x22\x23\x65\x36\x30\x35\x34\x30\x22\x20\x73\
\x74\x72\x6f\x6b\x65\x2d\x77\x69\x64\x74\x68\x3d\x22\x33\x22\x20\
\x73\x74\x72\x6f\x6b\x65\x2d\x6c\x69\x6e\x65\x63\x61\x70\x3d\x22\
\x72\x6f\x75\x6e\x64\x22\x20\x73\x74\x72\x6f\x6b\x65\x2d\x6c\x69\
\x6e\x65\x6a\x6f\x69\x6e\x3d\x22\x72\x6f\x75\x6e\x64\x22\x20\x63\
\x6c\x61\x73\x73\x3d\x22\x66\x65\x61\x74\x68\x65\x72\x20\x66\x65\
\x61\x74\x68\x65\x72\x2d\x61\x72\x72\x6f\x77\x2d\x72\x69\x67\x68\
\x74\x22\x3e\x3c\x6c\x69\x6e\x65\x20\x78\x31\x3d\x22\x35\x22\x20\
\x79\x31\x3d\x22\x31\x32\x22\x20\x78\x32\x3d\x22\x31\x39\x22\x20\
\x79\x32\x3d\x22\x31\x32\x22\x3e\x3c\x2f\x6c\x69\x6e\x65\x3e\x3c\
\x70\x6f\x6c\x79\x6c\x69\x6e\x65\x20\x70\x6f\x69\x6e\x74\x73\x3d\
\x22\x31\x32\x20\x35\x20\x31\x39\x20\x31\x32\x20\x31\x32\x20\x31\
\x39\x22\x3e\x3c\x2f\x70\x6f\x6c\x79\x6c\x69\x6e\x65\x3e\x3c\x2f\
\x73\x76\x67\x3e\
\x00\x00\x03\x7f\
\x3c\
\x73\x76\x67\x20\x78\x6d\x6c\x6e\x73\x3d\x22\x68\x74\x74\x70\x3a\
\x2f\x2f\x77\x77\x77\x2e\x77\x33\x2e\x6f\x72\x67\x2f\x32\x30\x30\
\x30\x2f\x73\x76\x67\x22\x20\x76\x69\x65\x77\x42\x6f\x78\x3d\x22\
\x30\x20\x30\x20\x35\x37\x36\x20\x35\x31\x32\x22\x3e\x3c\x21\x2d\
\x2d\x20\x46\x6f\x6e\x74\x20\x41\x77\x65\x73\x6f\x6d\x65\x20\x46\
\x72\x65\x65\x20\x35\x2e\x31\x35\x2e\x34\x20\x62\x79\x20\x40\x66\
\x6f\x6e\x74\x61\x77\x65\x73\x6f\x6d\x65\x20\x2d\x20\x68\x74\x74\
\x70\x73\x3a\x2f\x2f\x66\x6f\x6e\x74\x61\x77\x65\x73\x6f\x6d\x65\
\x2e\x63\x6f\x6d\x20\x4c\x69\x63\x65\x6e\x73\x65\x20\x2d\x20\x68\
\x74\x74\x70\x73\x3a\x2f\x2f\x66\x6f\x6e\x74\x61\x77\x65\x73\x6f\
\x6d\x65\x2e\x63\x6f\x6d\x2f\x6c\x69\x63\x65\x6e\x73\x65\x2f\x66\
\x72\x65\x65\x20\x28\x49\x63\x6f\x6e\x73\x3a\x20\x43\x43\x20\x42\
\x59\x20\x34\x2e\x30\x2c\x20\x46\x6f\x6e\x74\x73\x3a\x20\x53\x49\
\x4c\x20\x4f\x46\x4c\x20\x31\x2e\x31\x2c\x20\x43\x6f\x64\x65\x3a\
\x20\x4d\x49\x54\x20\x4c\x69\x63\x65\x6e\x73\x65\x29\x20\x2d\x2d\
\x3e\x3c\x70\x61\x74\x68\x20\x64\x3d\x22\x4d\x35\x32\x38\x20\x33\
\x32\x48\x34\x38\x43\x32\x31\x2e\x35\x20\x33\x32\x20\x30\x20\x35\
\x33\x2e\x35\x20\x30\x20\x38\x30\x76\x33\x35\x32\x63\x30\x20\x32\
\x36\x2e\x35\x20\x32\x31\x2e\x35\x20\x34\x38\x20\x34\x38\x20\x34\
\x38\x68\x34\x38\x30\x63\x32\x36\x2e\x35\x20\x30\x20\x34\x38\x2d\
\x32\x31\x2e\x35\x20\x34\x38\x2d\x34\x38\x56\x38\x30\x63\x30\x2d\
\x32\x36\x2e\x35\x2d\x32\x31\x2e\x35\x2d\x34\x38\x2d\x34\x38\x2d\
\x34\x38\x7a\x6d\x30\x20\x34\x30\x30\x48\x34\x38\x56\x38\x30\x68\
\x34\x38\x30\x76\x33\x35\x32\x7a\x4d\x32\x30\x38\x20\x32\x35\x36\
\x63\x33\x35\x2e\x33\x20\x30\x20\x36\x34\x2d\x32\x38\x2e\x37\x20\
\x36\x34\x2d\x36\x34\x73\x2d\x32\x38\x2e\x37\x2d\x36\x34\x2d\x36\
\x34\x2d\x36\x34\x2d\x36\x34\x20\x32\x38\x2e\x37\x2d\x36\x34\x20\
\x36\x34\x20\x32\x38\x2e\x37\x20\x36\x34\x20\x36\x34\x20\x36\x34\
\x7a\x6d\x2d\x38\x39\x2e\x36\x20\x31\x32\x38\x68\x31\x37\x39\x2e\
\x32\x63\x31\x32\x2e\x34\x20\x30\x20\x32\x32\x2e\x34\x2d\x38\x2e\
\x36\x20\x32\x32\x2e\x34\x2d\x31\x39\x2e\x32\x76\x2d\x31\x39\x2e\
\x32\x63\x30\x2d\x33\x31\x2e\x38\x2d\x33\x30\x2e\x31\x2d\x35\x37\
\x2e\x36\x2d\x36\x37\x2e\x32\x2d\x35\x37\x2e\x36\x2d\x31\x30\x2e\
\x38\x20\x30\x2d\x31\x38\x2e\x37\x20\x38\x2d\x34\x34\x2e\x38\x20\
\x38\x2d\x32\x36\x2e\x39\x20\x30\x2d\x33\x33\x2e\x34\x2d\x38\x2d\
\x34\x34\x2e\x38\x2d\x38\x2d\x33\x37\x2e\x31\x20\x30\x2d\x36\x37\
\x2e\x32\x20\x32\x35\x2e\x38\x2d\x36\x37\x2e\x32\x20\x35\x37\x2e\
\x36\x76\x31\x39\x2e\x32\x63\x30\x20\x31\x30\x2e\x36\x20\x31\x30\
\x20\x31\x39\x2e\x32\x20\x32\x32\x2e\x34\x20\x31\x39\x2e\x32\x7a\
\x4d\x33\x36\x30\x20\x33\x32\x30\x68\x31\x31\x32\x63\x34\x2e\x34\
\x20\x30\x20\x38\x2d\x33\x2e\x36\x20\x38\x2d\x38\x76\x2d\x31\x36\
\x63\x30\x2d\x34\x2e\x34\x2d\x33\x2e\x36\x2d\x38\x2d\x38\x2d\x38\
\x48\x33\x36\x30\x63\x2d\x34\x2e\x34\x20\x30\x2d\x38\x20\x33\x2e\
\x36\x2d\x38\x20\x38\x76\x31\x36\x63\x30\x20\x34\x2e\x34\x20\x33\
\x2e\x36\x20\x38\x20\x38\x20\x38\x7a\x6d\x30\x2d\x36\x34\x68\x31\
\x31\x32\x63\x34\x2e\x34\x20\x30\x20\x38\x2d\x33\x2e\x36\x20\x38\
\x2d\x38\x76\x2d\x31\x36\x63\x30\x2d\x34\x2e\x34\x2d\x33\x2e\x36\
\x2d\x38\x2d\x38\x2d\x38\x48\x33\x36\x30\x63\x2d\x34\x2e\x34\x20\
\x30\x2d\x38\x20\x33\x2e\x36\x2d\x38\x20\x38\x76\x31\x36\x63\x30\
\x20\x34\x2e\x34\x20\x33\x2e\x36\x20\x38\x20\x38\x20\x38\x7a\x6d\
\x30\x2d\x36\x34\x68\x31\x31\x32\x63\x34\x2e\x34\x20\x30\x20\x38\
\x2d\x33\x2e\x36\x20\x38\x2d\x38\x76\x2d\x31\x36\x63\x30\x2d\x34\
\x2e\x34\x2d\x33\x2e\x36\x2d\x38\x2d\x38\x2d\x38\x48\x33\x36\x30\
\x63\x2d\x34\x2e\x34\x20\x30\x2d\x38\x20\x33\x2e\x36\x2d\x38\x20\
\x38\x76\x31\x36\x63\x30\x20\x34\x2e\x34\x20\x33\x2e\x36\x20\x38\
\x20\x38\x20\x38\x7a\x22\x2f\x3e\x3c\x2f\x73\x76\x67\x3e\
\x00\x00\x01\x6a\
\x3c\
\x73\x76\x67\x20\x78\x6d\x6c\x6e\x73\x3d\x22\x68\x74\x74\x70\x3a\
\x2f\x2f\x77\x77\x77\x2e\x77\x33\x2e\x6f\x72\x67\x2f\x32\x30\x30\
\x30\x2f\x73\x76\x67\x22\x20\x77\x69\x64\x74\x68\x3d\x22\x33\x32\
\x22\x20\x68\x65\x69\x67\x68\x74\x3d\x22\x33\x32\x22\x20\x76\x69\
\x65\x77\x42\x6f\x78\x3d\x22\x30\x20\x30\x20\x32\x34\x20\x32\x34\
\x22\x20\x66\x69\x6c\x6c\x3d\x22\x6e\x6f\x6e\x65\x22\x20\x73\x74\
\x72\x6f\x6b\x65\x3d\x22\x23\x65\x36\x30\x35\x34\x30\x22\x20\x73\
\x74\x72\x6f\x6b\x65\x2d\x77\x69\x64\x74\x68\x3d\x22\x33\x22\x20\
\x73\x74\x72\x6f\x6b\x65\x2d\x6c\x69\x6e\x65\x63\x61\x70\x3d\x22\
\x72\x6f\x75\x6e\x64\x22\x20\x73\x74\x72\x6f\x6b\x65\x2d\x6c\x69\
\x6e\x65\x6a\x6f\x69\x6e\x3d\x22\x72\x6f\x75\x6e\x64\x22\x20\x63\
\x6c\x61\x73\x73\x3d\x22\x66\x65\x61\x74\x68\x65\x72\x20\x66\x65\
\x61\x74\x68\x65\x72\x2d\x75\x73\x65\x72\x2d\x63\x68\x65\x63\x6b\
\x22\x3e\x3c\x70\x61\x74\x68\x20\x64\x3d\x22\x4d\x31\x36\x20\x32\
\x31\x76\x2d\x32\x61\x34\x20\x34\x20\x30\x20\x30\x20\x30\x2d\x34\
\x2d\x34\x48\x35\x61\x34\x20\x34\x20\x30\x20\x30\x20\x30\x2d\x34\
\x20\x34\x76\x32\x22\x3e\x3c\x2f\x70\x61\x74\x68\x3e\x3c\x63\x69\
\x72\x63\x6c\x65\x20\x63\x78\x3d\x22\x38\x2e\x35\x22\x20\x63\x79\
\x3d\x22\x37\x22\x20\x72\x3d\x22\x34\x22\x3e\x3c\x2f\x63\x69\x72\
\x63\x6c\x65\x3e\x3c\x70\x6f\x6c\x79\x6c\x69\x6e\x65\x20\x70\x6f\
\x69\x6e\x74\x73\x3d\x22\x31\x37\x20\x31\x31\x20\x31\x39\x20\x31\
\x33\x20\x32\x33\x20\x39\x22\x3e\x3c\x2f\x70\x6f\x6c\x79\x6c\x69\
\x6e\x65\x3e\x3c\x2f\x73\x76\x67\x3e\
\x00\x00\x01\x8f\
\x3c\
\x73\x76\x67\x20\x78\x6d\x6c\x6e\x73\x3d\x22\x68\x74\x74\x70\x3a\
\x2f\x2f\x77\x77\x77\x2e\x77\x33\x2e\x6f\x72\x67\x2f\x32\x30\x30\
\x30\x2f\x73\x76\x67\x22\x20\x77\x69\x64\x74\x68\x3d\x22\x33\x32\
\x22\x20\x68\x65\x69\x67\x68\x74\x3d\x22\x33\x32\x22\x20\x76\x69\
\x65\x77\x42\x6f\x78\x3d\x22\x30\x20\x30\x20\x32\x34\x20\x32\x34\
\x22\x20\x66\x69\x6c\x6c\x3d\x22\x6e\x6f\x6e\x65\x22\x20\x73\x74\
\x72\x6f\x6b\x65\x3d\x22\x23\x65\x36\x30\x35\x34\x30\x22\x20\x73\
\x74\x72\x6f\x6b\x65\x2d\x77\x69\x64\x74\x68\x3d\x22\x33\x22\x20\
\x73\x74\x72\x6f\x6b\x65\x2d\x6c\x69\x6e\x65\x63\x61\x70\x3d\x22\
\x72\x6f\x75\x6e\x64\x22\x20\x73\x74\x72\x6f\x6b\x65\x2d\x6c\x69\
\x6e\x65\x6a\x6f\x69\x6e\x3d\x22\x72\x6f\x75\x6e\x64\x22\x20\x63\
\x6c\x61\x73\x73\x3d\x22\x66\x65\x61\x74\x68\x65\x72\x20\x66\x65\
\x61\x74\x68\x65\x72\x2d\x6d\x69\x6e\x69\x6d\x69\x7a\x65\x2d\x32\
\x22\x3e\x3c\x70\x6f\x6c\x79\x6c\x69\x6e\x65\x20\x70\x6f\x69\x6e\
\x74\x73\x3d\x22\x34\x20\x31\x34\x20\x31\x30\x20\x31\x34\x20\x31\
\x30\x20\x32\x30\x22\x3e\x3c\x2f\x70\x6f\x6c\x79\x6c\x69\x6e\x65\
\x3e\x3c\x70\x6f\x6c\x79\x6c\x69\x6e\x65\x20\x70\x6f\x69\x6e\x74\
\x73\x3d\x22\x32\x30\x20\x31\x30\x20\x31\x34\x20\x31\x30\x20\x31\
\x34\x20\x34\x22\x3e\x3c\x2f\x70\x6f\x6c\x79\x6c\x69\x6e\x65\x3e\
\x3c\x6c\x69\x6e\x65\x20\x78\x31\x3d\x22\x31\x34\x22\x20\x79\x31\
\x3d\x22\x31\x30\x22\x20\x78\x32\x3d\x22\x32\x31\x22\x20\x79\x32\
\x3d\x22\x33\x22\x3e\x3c\x2f\x6c\x69\x6e\x65\x3e\x3c\x6c\x69\x6e\
\x65\x20\x78\x31\x3d\x22\x33\x22\x20\x79\x31\x3d\x22\x32\x31\x22\
\x20\x78\x32\x3d\x22\x31\x30\x22\x20\x79\x32\x3d\x22\x31\x34\x22\
\x3e\x3c\x2f\x6c\x69\x6e\x65\x3e\x3c\x2f\x73\x76\x67\x3e\
\x00\x00\x01\x01\
\x3c\
\x73\x76\x67\x20\x78\x6d\x6c\x6e\x73\x3d\x22\x68\x74\x74\x70\x3a\
\x2f\x2f\x77\x77\x77\x2e\x77\x33\x2e\x6f\x72\x67\x2f\x32\x30\x30\
\x30\x2f\x73\x76\x67\x22\x20\x77\x69\x64\x74\x68\x3d\x22\x33\x32\
\x22\x20\x68\x65\x69\x67\x68\x74\x3d\x22\x33\x32\x22\x20\x76\x69\
\x65\x77\x42\x6f\x78\x3d\x22\x30\x20\x30\x20\x32\x34\x20\x32\x34\
\x22\x20\x66\x69\x6c\x6c\x3d\x22\x6e\x6f\x6e\x65\x22\x20\x73\x74\
\x72\x6f\x6b\x65\x3d\x22\x23\x65\x36\x30\x35\x34\x30\x22\x20\x73\
\x74\x72\x6f\x6b\x65\x2d\x77\x69\x64\x74\x68\x3d\x22\x33\x22\x20\
\x73\x74\x72\x6f\x6b\x65\x2d\x6c\x69\x6e\x65\x63\x61\x70\x3d\x22\
\x72\x6f\x75\x6e\x64\x22\x20\x73\x74\x72\x6f\x6b\x65\x2d\x6c\x69\
\x6e\x65\x6a\x6f\x69\x6e\x3d\x22\x72\x6f\x75\x6e\x64\x22\x20\x63\
\x6c\x61\x73\x73\x3d\x22\x66\x65\x61\x74\x68\x65\x72\x20\x66\x65\
\x61\x74\x68\x65\x72\x2d\x63\x68\x65\x63\x6b\x22\x3e\x3c\x70\x6f\
\x6c\x79\x6c\x69\x6e\x65\x20\x70\x6f\x69\x6e\x74\x73\x3d\x22\x32\
\x30\x20\x36\x20\x39\x20\x31\x37\x20\x34\x20\x31\x32\x22\x3e\x3c\
\x2f\x70\x6f\x6c\x79\x6c\x69\x6e\x65\x3e\x3c\x2f\x73\x76\x67\x3e\
\
\x00\x00\x23\x58\
\x00\
\x01\x44\xf0\x78\x9c\xed\x5d\x4b\x8f\xe4\xb8\x91\xbe\x37\xd0\xff\
\x21\x6d\x1f\x3c\xb3\xb0\x07\x7a\x3f\x8c\xf5\xc1\x98\x05\x16\xbe\
\x18\x3b\x83\x7d\x1c\x2c\x63\x90\x95\x52\xda\xb5\xe8\xe9\x1a\x57\
\xd7\xcc\xb6\xff\xfd\x4a\x14\x23\xf8\x45\x90\x52\x52\xaa\xea\x9e\
\xee\x5d\x15\x90\xc8\x2c\x89\x0a\x06\x23\x82\xf1\x24\xa9\x5f\x9d\
\x7e\xfb\x4f\xbf\x3d\x5d\x1e\xfa\xfb\xb7\x7f\xfd\xdd\xe9\xc7\xa7\
\xeb\x6f\x9b\xe9\xca\xeb\x57\xaf\x5f\xfd\xea\xf4\xed\xf0\xee\xe1\
\xc7\xc7\xcb\x70\x7a\xb8\xfb\xef\xe1\xf2\x34\x35\x1b\xc6\xeb\xd3\
\xad\xaf\x1f\x87\xf3\xd3\xd0\x9f\xee\xfe\xf1\xbb\xd3\xbf\xff\x6d\
\x70\x4d\xbf\x7e\xf8\xfe\x87\xfb\x37\xc3\xe3\xe9\xfa\xf0\x78\xfa\
\xb7\x7f\x7c\xf3\x54\x9e\xbe\xf8\xe6\xe9\xf4\x53\xf9\x55\x5a\x7e\
\x95\x7d\x69\x1f\xff\xaf\x3f\x7c\xfb\xa7\x3f\xfe\xe9\x5f\x7f\x71\
\xfa\xc3\x9b\x37\xa7\xcb\xdf\xce\x6f\xff\x3a\xbc\x3b\x7d\x7f\xee\
\x87\xd3\xfd\xdb\xd3\xd3\xdf\xee\xdf\x9d\xae\x23\x90\xd3\xff\xdc\
\x8f\xb7\xef\x86\xd3\x9b\x87\x77\x4f\xbf\x98\x70\xba\x3e\x3e\x7c\
\x6f\xa1\xde\x7f\xff\xc3\xc3\xe3\xd3\xe9\x9b\xa7\xaf\x1f\x1e\x87\
\xe9\xde\xdf\x9f\xbe\x7b\xb4\x58\x7c\xd7\x9f\x9f\xce\xa7\xdf\x9f\
\xee\x7e\xd9\xbd\x7e\xd5\xbd\x4f\x12\xfb\x49\xbb\xf7\x79\x6a\x2e\
\xe5\x17\xf3\x55\xe7\xe3\xa7\xea\xde\x57\x75\xf7\x3e\x1b\x5b\xd4\
\xcd\xf8\xbb\x1f\x3f\x97\xf1\x33\xcc\xf7\xf3\xf1\xff\x2c\x1b\xff\
\x1f\xef\xd5\x85\xfd\x8c\x6d\xf3\xb3\x01\x91\x5d\xe7\x4f\x5d\xbb\
\x4f\x36\xcc\xdf\x79\x3e\xff\xae\xa6\xfb\x99\xed\x66\xfc\x9d\x8f\
\xbf\xf3\xc4\x7c\x0c\x32\x89\x05\x81\xd8\x64\x16\xa3\xf1\x77\xd5\
\x8e\x1f\xdb\xf3\x84\x05\x61\x34\x81\x1f\x41\x19\x2c\x6c\xf3\xe9\
\x76\x55\xda\x47\x6a\x87\xb4\x7a\xc4\x81\xaf\x4c\xdb\x09\xc4\xf4\
\xd8\xd4\x5b\x91\x59\x84\xb1\xa7\x64\x6e\xce\xdf\xd3\xb5\x42\xfc\
\x16\x58\x54\x16\x83\xcb\xfc\x61\x12\x5a\x5a\x98\xef\x12\xb0\xc8\
\x0d\x96\x86\x23\xb6\xf7\xea\x6e\x6e\x42\x8f\x66\xb9\xfd\xbf\xb2\
\xa4\x2b\x67\x0c\x0c\x46\x0e\x8c\x01\x51\xf8\x60\xb2\xfe\x36\x29\
\x2d\x18\x96\x8b\x05\x30\x66\x50\xad\x1b\x44\x35\x61\x96\x5a\x99\
\x98\xc1\xe1\x40\xea\xd2\x36\x2d\xbc\xf1\xae\x81\x37\x1c\xa1\x1e\
\xce\xb6\x99\xed\x95\x90\x5e\xeb\xa2\x9a\x69\x61\xa0\xa5\xb6\x47\
\x14\xe6\xca\x82\x4e\x1d\x2d\x8c\x00\x20\x07\xcb\x19\x44\xa8\x49\
\x6f\xaf\x23\x16\xb5\x25\x73\x39\xd3\xc2\x90\x75\xa0\xd9\xe6\x91\
\x8d\xa6\x5b\x9e\x02\x17\x52\x25\x9d\xad\x9b\xb0\xd8\xa4\x85\x26\
\x8d\x95\xc0\x35\x10\x99\x04\x51\x32\x72\x06\xb3\x69\xea\x69\xec\
\xe8\xde\x34\x90\x6a\xbe\x6f\x98\xda\x2e\x0c\x84\x9a\xd9\xeb\x86\
\xb9\xb9\xea\xd2\x4e\x76\x42\x30\x51\xbf\x4b\xb8\xd6\xaa\xfb\x0e\
\x5b\x52\x39\x80\x58\x10\x2b\x1c\x1c\xea\x95\x99\x23\x5a\x2b\x5e\
\x93\xcf\x4c\x2b\x92\x82\x59\xd6\x59\x0c\x02\xd5\xd6\x44\x98\x7a\
\x56\x22\xfc\xbf\x4f\xe3\xf7\x59\x6a\x44\xd9\x0c\xa4\x9f\x9b\x16\
\x95\x53\x5d\xb5\xd5\x7c\x45\x6a\x95\x4a\x39\x63\x69\xee\xf7\x4e\
\x2a\xc6\x67\x58\x13\x94\xee\xb2\xe1\xf4\x60\x7b\xa6\xdf\x16\x64\
\x95\xcd\xec\x34\x8f\xcf\xf3\xd0\xcc\x41\xe8\xb9\xba\xd1\x2b\x61\
\x0c\x9c\x31\x58\x58\xbd\x33\x32\x88\xb9\x53\x55\xd1\xa0\x0d\x2d\
\x06\xab\xed\xec\x65\x83\x24\xc9\x9d\xd5\xcf\x24\x1f\x01\x6c\x58\
\x37\x17\xbb\xb1\x31\xb4\xa0\xb1\x6a\x6c\x70\x1a\x87\xb0\xb9\x32\
\x39\x35\x47\xb2\x91\x54\x45\x0b\xe0\x06\xc0\x6e\x1a\x64\x3e\x7f\
\xcc\xef\x59\xb4\x4a\x9a\xa2\x85\x65\xe0\x04\xe6\x12\x96\x15\x04\
\x55\xe6\xa6\xab\x09\x44\x41\xcd\xaf\xf3\x23\xf4\xff\x24\x17\x24\
\x1f\x0c\x92\x30\x2b\xec\xf4\xb6\xd3\x6c\xba\xd5\xcf\xc8\x97\x45\
\x04\x47\x5a\xe0\xca\x2c\xe0\x42\xd3\x81\xaa\x37\x4c\x03\xcf\x61\
\xea\xc6\x78\x0f\xb9\x9d\x3f\x83\x73\x3e\x12\x6b\x97\xc7\xe6\x45\
\x63\xed\xb2\x9d\xf0\x79\x33\x23\x9f\x67\x30\xb0\x42\x3c\xc3\x20\
\x68\x96\x36\xfe\xbc\xe0\x7b\xa9\xfb\x10\xf8\x7a\x66\xaa\xe9\xa1\
\x99\x3f\xf4\xa8\xe9\x39\x71\x9c\x32\x6d\x08\x79\x52\x02\x19\x1b\
\x19\xd1\x63\x61\x3f\x0d\xfc\x0f\x83\xd2\x6d\xac\x80\x87\xb0\xa8\
\x72\xd5\xb3\x1e\x94\x03\x6d\x40\x34\x33\x83\x82\x24\xd3\x58\xf4\
\xde\x35\x23\x9d\x55\x98\x54\x15\xd1\xa3\x0f\x60\xe4\xba\x14\xb4\
\xf0\x7b\x88\xb9\x46\x03\xa9\xcf\xf3\xec\x34\x98\x4c\x74\x69\xd5\
\x80\x72\x00\x53\xcf\xd2\x6b\xc0\x58\xb3\x4f\x4c\x4a\xad\xe6\xa6\
\xa6\xd6\x28\x90\x0e\xe5\xeb\xc5\xac\x04\xcc\x75\x6b\x47\xa8\x47\
\x02\x55\x83\x78\x95\xc0\x1d\xa2\x13\x1a\xe7\xc2\xd1\x02\x6d\x46\
\x22\xe9\x43\x18\x2d\xdc\x67\xb9\x28\x1d\xb9\x98\x43\x19\x20\x5f\
\x06\x38\x54\x3a\x72\x22\x93\x68\x50\x29\x50\x5e\x61\xa5\x30\x21\
\x6b\xa6\x31\x99\x38\x64\xec\xea\x64\x82\x57\xbd\x06\xe1\x32\x24\
\xd9\x67\xe6\x32\x1c\x81\xd4\x11\x48\x7d\x92\x81\x94\xb1\xbc\x04\
\xde\x86\x36\x6b\xf1\x47\xed\x78\xbf\x21\xf6\x98\x38\xc3\x96\x36\
\x14\x63\x60\x0c\x42\xea\x30\x11\x8f\xb3\x5b\x8d\x5a\x42\xc7\x21\
\x80\xdd\x82\x36\xb1\x20\xb4\x42\x29\xab\x43\xa1\x1c\x0a\xe5\x50\
\x28\x2f\x90\x99\x21\x1a\xd8\x38\x04\x15\x8a\xa1\x49\x6b\xda\x1a\
\x10\xb9\xc5\xa4\x64\xe4\xa4\x78\xa9\x74\x8a\xb9\xdf\x0a\x72\x7a\
\x19\x17\x9d\x8d\x49\x24\x06\x26\x0e\x5b\xc6\x82\x11\x8d\xcf\x17\
\xa1\x80\xdb\x94\x91\x6c\x52\xc1\xfd\x70\xbe\xc8\x03\xb1\x90\x52\
\x5a\xc9\x19\xa1\x66\xdc\x99\xec\x62\x72\x52\x93\xe6\x26\xe2\x1c\
\x7c\x1a\x7d\xed\xe2\x31\x6f\x10\xcd\xcd\x01\x78\x29\xa6\x15\x07\
\x70\xba\x75\xfd\xcc\xf4\xf5\x91\x33\x3a\x72\x46\x47\xce\xe8\xa3\
\xe7\x8c\xca\x8e\x93\x22\xe0\x86\x4e\x97\x38\x57\x14\xca\x11\x81\
\xdb\xc9\xee\xa9\x9b\x92\x06\x44\xae\x9a\xd2\xed\x66\xfe\x6d\xf2\
\x03\xb9\xc3\x80\x43\xeb\x84\x55\x3e\xe7\x3f\xb4\xe3\x8b\xd7\x74\
\x12\xc8\xfd\xa6\x24\x47\x05\x03\xc9\xad\x95\x14\xe9\x15\x8d\x21\
\x81\x81\xdc\xc0\x52\xaf\xbd\xfb\x6d\x72\x06\xd8\x45\x22\x41\x60\
\x6f\x3a\x7f\x54\x4a\x50\xea\x37\xa5\x17\x44\xc6\x06\x91\xb5\xc8\
\x23\xc7\x04\x36\x8d\x00\x11\xa2\xfe\x04\xb6\x20\xac\x12\x20\xa3\
\x0d\x51\xf2\x8a\x5d\x01\x7a\x4c\xa4\x55\x08\x1b\x9b\x67\xe4\x01\
\x52\x9e\x6d\xb6\x3b\xc4\x54\x6e\x62\x7f\x4f\xc2\x1c\x7c\xa4\xf7\
\xda\x8b\x54\x4b\x00\x14\x23\xbd\x04\x46\x61\x11\x6a\x9e\xa8\xfb\
\xfe\x6f\xa3\x72\x2c\x27\x0c\x74\xcc\x9d\x61\x52\x2c\x03\x11\xa4\
\x24\xd9\xdc\x8e\xe4\xc2\x90\x14\xbd\x05\x9d\x7e\xcc\xd4\xbd\x9e\
\xb1\x15\x29\xb8\x50\xb3\x14\xb0\xca\x66\xa6\xab\xeb\x02\x0b\xab\
\x46\xf2\x1c\x24\xb3\x81\x6b\x09\x68\x31\xd2\x1d\xb5\x4c\xc1\x11\
\xa5\x6b\xd7\x2b\x34\x95\xed\x52\x06\xc9\x79\xd5\x04\xb0\x48\x03\
\x5c\xc1\xb9\x51\x00\x86\x89\x9f\x9a\xa5\xe9\xd6\x2a\xb0\x56\x82\
\x3d\x72\xc2\x34\x2b\xd4\xd8\x91\x06\x35\xd0\x00\xc1\x56\x92\x16\
\xa4\x13\x29\xc2\x47\x70\x9a\x3e\xe0\xc6\x00\x53\x39\x7f\x0a\x0c\
\x14\x3a\xd2\x91\x4f\x8a\x5c\xe2\x27\x12\x34\x46\x5a\xd4\xb4\x9c\
\xcc\xa6\x88\x6b\x0a\x15\xf4\x4a\xba\x33\x01\xa1\x4e\x01\xbb\x82\
\x41\x87\x0a\x07\x44\x46\x81\x34\x90\x59\x48\x28\xa8\x1c\xa2\x72\
\xd1\x49\xc6\x21\xa8\xbe\xf3\x39\x36\x2b\x3e\xa3\x17\x61\x20\x55\
\x1e\x00\x87\xcc\x74\xc6\x50\x4c\x33\xbc\xd5\x00\x87\x2a\xc5\x19\
\x0d\x36\xf7\xd3\xd4\x8d\xff\x2d\x34\x3b\x68\x2c\x4b\x66\x0c\xe6\
\x14\xa5\x63\xc9\xcc\x39\x66\x9f\xd2\xb1\x64\x46\x10\xfa\x3b\x92\
\xcc\xec\xc6\xfb\x94\x8e\x25\x33\x8b\x96\x4f\xe9\x58\x32\x0b\x2c\
\x24\xa5\x63\xc9\xcc\xb4\x88\x17\x68\x4d\x66\xaf\x94\x73\x5b\xa0\
\x35\x99\x69\x8e\x6c\x10\x68\x4d\x66\xae\x06\xc5\x0b\x74\x50\xb4\
\x02\x94\xde\x5a\xba\x18\xf5\x60\x2b\xd6\x80\xe5\x57\x19\xad\x72\
\xac\x68\x33\x2a\xb5\xcd\x55\x70\x56\x13\x02\x70\x9a\xbb\x49\xe7\
\x32\x24\x94\xf2\x41\xef\x9b\x82\xec\xda\x3d\x6e\x96\xc9\x14\x1c\
\x5e\x30\xb1\xb2\x19\xa3\x69\x38\xc9\x78\x2d\x39\x77\x18\x5e\xba\
\xd8\xb2\x86\xae\x4a\x17\xa1\x90\x37\x6e\xe3\x64\x8e\x46\x52\x8b\
\xc9\x75\x8e\x17\x39\xdc\x74\xb9\x40\x03\xa2\x54\x29\x30\x05\x0e\
\xb2\x8a\xce\x3b\x73\x91\x0c\xf1\x68\x0a\x58\x26\xf7\xb0\xb0\x56\
\xb5\x28\x67\x12\x53\xb2\xd8\x90\xd5\xb2\xba\x4c\x66\x0c\x4c\xaa\
\xac\x66\x5a\x14\x96\x64\x99\x35\x40\x21\xb0\x65\x98\x4b\x94\xa0\
\xa3\xb1\xb3\xa1\x86\xc9\x55\x58\x0e\x70\x2e\x14\xe5\xb9\xe5\x81\
\x40\xdc\xe3\x71\xc4\xcb\x78\x48\x6c\x0c\x16\xcb\x62\x43\xf9\x9a\
\x59\x66\x5a\x15\x37\xcd\xb9\x41\xce\xf8\x5b\xa8\xe5\x55\x3e\x16\
\x91\x63\xe1\xf8\x39\xe9\x44\xdc\xbc\x21\xc7\xc2\xe1\x45\x02\x24\
\x5c\xca\xb1\x84\x30\x9a\x6d\xbd\xb9\x85\x09\xa7\x3b\x0f\xd9\x35\
\x4c\x0d\x88\x98\x84\x90\xf5\x34\xe8\x93\x5d\xb9\x6b\xe6\x88\xed\
\x5d\x64\xd6\x20\x9d\x5e\xdb\x6b\x22\x1f\x28\x13\x44\xd8\x84\x64\
\x22\x69\x41\x0e\x96\xf3\x4c\x94\x69\xf4\xf2\x4c\xd6\x2f\x64\xfd\
\xa6\xf2\x4c\x06\x34\x64\xe3\x49\x70\x21\x13\xcf\xfa\x20\xb5\x93\
\x9c\x12\xbb\xbd\xfd\x3f\xb5\x6a\xe9\x6e\xa6\x45\xdd\x05\x13\xd5\
\x13\xf5\x29\x25\x58\xd7\x0a\x4b\x87\x2d\x06\x7c\x1a\xe1\xfc\x2e\
\x2c\x13\x13\x68\x33\x88\x84\x05\x9c\x52\x0e\xac\x17\x13\x97\x6b\
\xa1\x14\x44\x9d\xb9\xe9\x45\x39\x37\x4b\x76\xab\xc8\x9d\xd6\x02\
\xba\x98\xde\xed\xb5\x3a\x51\xdd\xd8\xa4\x48\xed\x72\x4c\x94\x98\
\xa6\x8c\xbc\xea\x69\x66\xf0\xe0\xba\x32\x82\x70\xc7\x1a\x5c\x94\
\x55\x26\x01\xce\x6d\x8a\x26\x9f\x65\x80\xf4\xa6\x89\xd0\xee\x94\
\x9e\xb5\x5a\x8b\x4a\x2b\xf6\x71\x5c\x6f\x63\x3e\xed\xac\xc9\x03\
\x8f\x33\x53\x89\xdf\xb6\x0e\xc0\xe3\x24\x79\x68\xe5\xbd\xa9\x2b\
\x72\xf4\xf3\x19\x44\xdd\x2b\xd3\x73\x0d\x93\xd7\x53\x88\x8e\xa9\
\x22\x21\x44\xc9\xfd\x40\xb1\x03\x49\xc9\xca\xd0\x8a\x16\xe6\x90\
\x0a\x4b\x07\x0a\x21\x1a\x63\x6e\x84\x5a\xc2\x05\x14\x14\x6a\xc1\
\xba\x12\x2f\xc4\x6c\x3b\x17\xc9\x51\xb4\x42\x4e\x4e\xd9\x09\xd7\
\x09\x43\x4c\x1d\xd8\x95\x60\x0c\xad\x26\x83\xf5\x18\x0c\x22\xb5\
\xbe\x4f\xd1\xc9\xa5\x2a\x84\xd1\xc5\x31\x5a\x05\xc5\xe4\x95\x33\
\x26\x97\x4e\x06\x78\x18\xf4\x55\x8a\x3e\x2a\x66\x6c\x3a\xe7\xc8\
\xa5\x30\x18\x6a\x9e\x00\x4d\x90\x76\x17\xe9\xcc\x16\x80\x51\xe9\
\x1e\xc5\x79\x22\xba\x01\x47\x29\x0f\xf4\x94\x89\x9e\x64\x1c\x5d\
\xb8\x6b\xb6\x6e\xa6\x02\x7b\xd1\x84\x41\x22\x93\x25\x48\x41\xce\
\x5c\x40\x97\xfe\x31\xd2\x04\x53\x12\x19\x1b\x44\x76\x50\xb1\x59\
\x28\x92\xa7\x81\x51\x29\x4a\x26\x45\x4c\xf3\x56\x35\x6d\x3b\x29\
\xa5\x98\xf6\x07\x8e\x64\x80\x70\xb9\xd8\x74\xc6\xa6\xe9\xa4\x28\
\xa6\xcc\x54\x4c\xc5\x68\x26\xb2\x74\x66\x40\x4e\x97\x73\x60\x5a\
\xd0\xb2\x2d\xa2\x87\x9e\x2b\x74\x0d\x1c\x47\x9b\xea\x13\xa9\xdc\
\x26\x30\x7e\x12\xe4\xaa\x93\x5c\x53\xa2\x85\x54\x46\xaf\x0f\x18\
\xe9\xe5\x65\x89\xbc\x72\x8e\x04\x07\x40\xa2\x85\xe4\x96\xed\x44\
\xe2\x50\x8d\x95\xa3\x34\x52\x76\x96\x3b\x05\x55\xf5\x66\xac\x50\
\xe5\x88\xc0\x0e\xe2\x21\x8e\x21\x2b\x00\x95\x09\x83\xc8\xcc\xc3\
\x3c\x5b\x0a\x92\x4a\xdc\x42\x29\xa6\x01\xc2\xf2\xbf\x7a\x85\x16\
\x4a\xf1\x15\x76\xb6\x5a\x2f\xc0\x80\x20\x51\xc1\x05\x77\x15\xf4\
\x5e\x76\x42\x73\x73\xfb\x82\xe5\x42\x88\xcf\x06\x23\x60\x57\x11\
\x92\x68\xc5\x3c\x52\x53\xa4\x44\x74\x68\x3c\x8e\x30\x16\xd6\x5d\
\xe3\xc4\xea\x12\x89\xe7\x6e\xd0\x08\x08\xe1\x4e\x25\x36\x8b\xd7\
\x66\x5a\x2c\xce\x4c\xc4\x00\xf5\x89\x04\x23\xa4\xf3\x56\x8f\x45\
\x40\x83\x2b\x23\xa0\x41\xa0\x16\xcb\x16\xdb\x60\x30\x41\x3d\x15\
\x30\x2b\x61\x65\xb1\x23\x37\x4d\x80\x19\x4b\x9a\xec\x2c\x52\x01\
\xce\xf0\x80\x9a\x20\x48\x56\x7c\x85\xe2\x3b\x4d\x2b\xb4\xad\x28\
\x95\x4e\x87\x1a\x5f\x8b\x66\xa2\x52\x37\xac\x66\xb4\x56\x27\x8e\
\x95\xbe\x80\xf7\xae\x97\x05\xf5\x12\x9a\x7a\x24\xe0\x28\x1b\xa5\
\x75\x14\x59\x26\x50\x5e\x7a\xc0\x0c\xac\x99\x4e\xc7\xe1\xcc\xac\
\xe1\x5a\x08\x13\x57\xe7\xa5\xac\x0e\x1b\x40\x9d\x97\x2e\x1d\x46\
\x56\xed\x8a\x81\xd4\xaa\x99\x4a\xe3\x87\x34\x3a\x89\x16\x3a\x07\
\x45\x40\x36\x9a\x85\x41\x00\x73\x03\x58\x04\x2d\x18\x60\xc7\x2e\
\x9d\xa3\xd5\xa2\x5c\xb4\x90\xfd\x52\xda\x9c\x07\x59\x30\x88\xa0\
\x2f\xb5\xa4\xcd\x09\x5b\x92\xce\xdc\xa9\x5f\x5d\xe2\x58\x72\x14\
\xb5\x1b\x0b\xe4\xd4\xba\x53\x59\x30\xcf\x1f\x73\x3e\xaa\xa8\xb0\
\x6a\xdd\x48\xf4\x69\x3a\x21\x3b\xa2\x86\x73\x71\x1a\x3c\x15\x97\
\x65\xd9\xa3\x0e\x0f\xc2\x5e\x13\x58\x2c\x8c\xb7\x40\x8e\xa5\xca\
\x5c\x37\xc2\x39\x40\xce\x14\xb9\x7c\x4c\x58\xbc\x56\x60\xc2\xc9\
\x75\x1c\x8c\x36\x7a\x8d\xa2\x95\x54\x47\x5c\x80\x5a\x78\xa4\xf0\
\x1f\xd1\xed\x19\x04\x39\x82\x21\xe5\xa7\x45\x8c\x06\x08\x1e\x5f\
\x19\xf4\xf0\x7d\xa9\x0c\x1b\x09\x61\x10\x97\x9a\x49\x03\xe8\x34\
\x98\x53\xbf\x5e\xef\x64\x23\xda\x00\x08\x9c\xec\x60\x10\x43\xbd\
\x15\x01\x5b\x9b\x76\xbe\x04\xc3\x7a\xa1\x90\x75\xcf\xbc\x1e\x43\
\xb6\x96\xd4\x6f\x49\xbd\xd4\x9d\x73\xcb\x08\x84\xe4\x80\x93\x1b\
\x57\xc3\xba\xc1\x34\xdf\xc3\x29\x2d\xb3\x4b\x29\x9d\x14\xda\x41\
\x52\x3d\x98\x0a\x70\xc9\x75\xf0\x3b\x45\x9e\x7d\x84\xd2\xe4\x98\
\x67\xff\x0c\x56\x88\x1d\x2b\x7a\x8f\x15\xbd\x9f\xe4\x8a\xde\x9a\
\xc6\xad\x92\xa0\x6a\x11\x16\x39\x1f\x36\x8d\x26\x73\x68\x54\x82\
\x27\x31\x4a\xad\xd9\xb3\x98\xe5\x8e\x23\xde\x7a\x2b\xfa\x06\x6d\
\x49\xdf\x65\xb5\x1d\x44\x22\x41\x60\x51\xb4\x72\x36\x9b\x72\xca\
\xec\x35\xa5\xa2\x97\x5b\x58\x0a\x2c\xb2\x8e\x6b\x85\xde\xe6\x05\
\x20\xb9\xda\x75\x41\x4c\xdd\xbd\xeb\x3b\x75\x1e\x25\x50\x9d\x17\
\x44\xd4\xf0\x3b\xb7\xbf\xfd\x6b\x41\x10\xa1\x81\x5c\x17\xb1\x35\
\x20\xe4\xd8\xb6\x0e\x8c\x66\x2a\x8f\x8d\x30\xd2\x88\x37\x30\x80\
\x12\xae\x45\x6c\x1d\x51\x98\x04\x2a\xba\x54\xb6\x08\x6c\x1f\x21\
\xef\xe6\x30\x36\x87\xb1\x39\x8c\xcd\xb3\x8c\x8d\xaa\xbc\xed\x31\
\x36\x99\x12\x29\x8c\xa9\x32\xab\xc7\x61\x01\x17\x56\xdf\xf5\xb7\
\x0d\xc3\xe8\xdb\xd8\xac\x66\x1f\x08\xdb\xce\x58\x14\x37\x30\x2a\
\x21\xae\x59\x04\xd8\xb0\x12\xda\x33\x43\x05\xee\xc8\x6d\x33\xb3\
\xb6\x24\x99\xc9\x3a\x51\x17\x2e\x7c\xf5\xbe\xd4\xbb\xd2\x90\x06\
\x8b\x85\x65\x2f\x29\xdb\xd5\x43\x43\x1e\x1a\xf2\xd0\x90\xcf\xd2\
\x90\x8b\x47\x1f\x65\x42\xfc\x88\x23\x38\x9d\xa3\x76\x86\x95\x92\
\x23\xa1\x2d\x6d\x28\xc8\x54\x43\xc2\xfb\xad\x0f\x42\x37\x51\xaa\
\xfd\xc6\x8e\xb0\x9d\x7e\x23\x91\x9e\xd5\x1b\x7a\xf0\xe4\x1f\x62\
\x68\x82\xf7\xe5\x6f\xa3\x2f\x5a\x1f\xe9\x0d\x7e\xa4\x56\x7c\x5a\
\x4b\x66\x66\xad\xda\xe7\xa5\x25\xd7\x97\x1b\xad\x6e\x6b\x53\xbc\
\x08\x4a\x85\x8b\xa6\x78\xe9\x61\xe5\x54\xd9\xb1\xad\xad\x3b\xb6\
\xb5\xfd\xbf\xdc\xd6\x66\xf5\x34\x6c\x0b\xc5\xaa\x22\x57\x06\x50\
\xb5\x95\xee\xbe\x08\x95\x6d\x85\x1a\x0f\x68\xa0\x5b\xd0\x4b\x19\
\x02\xe9\xb7\x43\x10\x35\x15\x22\x8b\x4e\x06\xe6\x94\xce\x4e\x02\
\xf7\x5d\x49\x90\xab\x66\x6b\x8f\xf4\x37\x41\xf0\xb6\x83\xac\x73\
\xc5\x07\x5c\xd8\x52\x74\xa2\x24\x56\xc8\xe4\xba\x77\x62\x90\x05\
\x23\x56\xaa\x5b\xfb\xc6\xb9\x7a\x58\x91\x41\x09\x0a\xed\xbf\xe9\
\xba\x55\x1d\xb8\xef\x06\xb2\xba\xcc\x1e\x6b\x7a\xb9\x07\x5a\x54\
\x15\x25\x74\xef\x37\xaf\x07\x91\x03\x27\x7f\x46\x9f\x5d\xc4\x55\
\xd4\xcc\xd1\xa8\xc2\x05\x0f\xd4\x2d\x14\x5d\x88\x1e\x7a\x89\x11\
\x61\x43\x55\xa3\x01\xb0\xcb\x19\x0b\xae\xc7\x5c\xa4\x6c\x78\xe4\
\xc4\xc2\xa5\x1c\x88\xba\xe4\xf7\x5e\x2d\xb4\xc9\xdd\x1c\x21\xc4\
\x2d\x63\xb9\xf4\x95\x74\x72\xd9\x15\x31\x34\x17\x18\xb1\x27\x81\
\x62\xa5\x7b\x0b\x89\x9d\xc3\x90\xa7\x19\x89\x55\x0e\x32\x60\x9d\
\x10\xae\xf7\x65\x0a\xa3\x94\x07\x82\xb7\x04\xe3\x42\x58\xad\x60\
\xa1\x9b\x29\x6c\x08\x53\xc6\xca\x71\x4c\xd4\xb0\x5a\x85\x45\xa9\
\x68\x51\xaa\xee\x80\x9c\x99\x6b\x1e\x10\x1d\x6e\xbe\xb0\x65\x23\
\xc6\x31\x6b\x0e\xc7\xec\x70\xcc\x0e\xc7\xec\x70\xcc\x6e\x9f\x37\
\x80\x5e\x96\x9d\x66\xd6\x8b\xf2\x36\xb8\xe6\x9d\x5c\xc6\x12\xf6\
\x73\xd8\x6e\xf9\xae\x0e\xff\x6f\x1c\x34\xdf\xa7\x23\x6f\x8c\x75\
\xb5\xf6\x1c\x6f\xfb\x74\x08\x62\xa7\x4f\x87\x03\x11\xfb\xca\x03\
\x0e\x18\x0f\x14\x9c\xb5\xc2\xad\xa8\x33\xe4\xc4\x71\xda\x1e\xe8\
\x71\x71\xb4\x61\x12\x74\x95\x84\x33\x12\x72\xc4\x6e\xbb\x4a\x9c\
\x7e\x56\x4e\x59\xd0\x21\x4b\x00\x03\x97\xbf\x33\x03\x59\xeb\x19\
\x48\xc7\x55\xc8\x46\x0c\x96\x1c\xb3\x90\x23\xc6\xd7\xc0\x61\xf3\
\x5c\xa2\xc0\x42\x2b\x8d\x05\x39\x64\xd8\x86\x9c\x36\xdf\x31\x43\
\x03\x2c\x9c\x34\xb0\xf1\x28\x33\x1f\xcf\x25\x62\x11\xca\x01\x0b\
\x9b\xc7\x54\xeb\x19\x77\xb8\x42\xd4\x86\x69\x11\xeb\x0a\x69\x07\
\xad\x77\x72\xa1\x6e\x79\x58\x85\x68\xd2\xba\x81\x2c\xf9\xb6\x28\
\x8d\x01\xb7\x71\xc1\x31\x43\x0d\xe5\x89\x51\xc8\x51\xf3\x1d\x33\
\xe5\xb7\x79\xce\x19\x0d\x04\x9c\x34\xaf\x68\xbb\xe2\xa4\xe5\xb8\
\x23\xeb\xff\xbe\x93\x56\x77\x18\xfd\x1f\x4e\xda\xe1\xa4\x1d\x4e\
\x5a\xac\x93\x46\x6a\x9f\xb4\x2b\xa4\xbe\xac\x4e\x62\x7a\x50\x30\
\x4d\xca\xb8\x77\xbf\x8d\x42\x26\xdd\x06\xab\x86\xd0\xfc\x83\x6f\
\x27\x42\x58\xdd\x26\x71\x20\xec\xa5\x92\x56\x77\xdb\x6f\x75\x7e\
\xd4\xd2\x79\x4b\x0c\x82\x7a\xc2\x4c\x19\x3a\x65\xf6\x37\x9e\xa9\
\x84\xc6\x58\xf7\x80\x56\x43\x27\xdf\x52\x85\x09\xac\xf4\x85\xe6\
\xe2\x54\xf0\xac\x93\x8e\x99\xdf\x1d\x63\xe1\x43\xf7\x06\x81\xd7\
\x2b\xca\x61\xd5\x2e\x01\x07\xee\x4f\xf0\x80\x1b\xe2\x48\xa2\x38\
\x02\x6b\xaf\x41\xd5\x06\x92\x29\xce\x48\x93\x05\x25\x79\x49\x18\
\x0b\x1a\xf3\x92\x3c\x88\x41\xe6\x41\x5a\x08\xeb\xa9\x31\x81\xfb\
\xc8\x54\x7b\x12\x16\x47\x21\xd6\xd8\xd1\x0e\x09\x5e\x45\x47\xff\
\x27\x8a\x5e\x8e\x43\x4c\x0b\x42\x16\x28\x2f\x48\xba\x84\x69\x25\
\xfc\x7f\xb2\x1b\xcc\x77\xf4\xfd\x13\xd9\x0d\x3b\x6f\xf6\x94\x4a\
\xdc\x8c\x87\x7e\x5c\x19\xe0\x44\x0b\x83\xf2\x3d\x6f\xe6\x08\x4a\
\x60\xa6\x06\xd2\x76\x52\xf4\xdc\x3a\x74\x76\x8b\x70\xdd\x35\x35\
\x2d\xd5\xc0\xe4\x35\xce\xaa\x92\xe4\x05\x90\xe5\xf3\xe8\x73\x85\
\xcd\x4c\x1f\xce\xed\x5a\xea\xf3\xd6\x1f\x8d\xb8\xbe\x46\x4e\x03\
\x38\xac\x6b\x4d\x31\xea\x20\x71\x23\x27\xb6\x90\xd3\x8c\x48\x57\
\xc8\x6b\x41\xcc\x12\xbe\xe6\x65\x55\x43\x4d\x69\xc7\x61\xd2\x49\
\x71\x6b\x24\x08\x9b\xf3\x67\x45\x8f\x1b\x15\xd3\xce\xcd\xda\x5a\
\x91\x58\x2d\x1d\x25\x4d\x55\x06\x30\x4b\x03\xb2\x92\x3b\x10\x20\
\xb8\x18\x9d\x09\x89\xad\x00\xb4\xbc\xe6\x45\xa7\xf0\x28\x23\xbb\
\x3e\x28\x31\xcd\xac\xfd\x10\x33\x16\x77\x88\xe0\x5c\x71\x5c\x63\
\x5a\xc8\xcb\x52\x8b\xe1\xc4\xf7\xff\xf7\x02\xdc\x90\xbe\x80\x24\
\x00\xb7\xb1\xe2\x55\x5c\x5c\x21\x27\xef\xc4\xf1\x43\x06\x0b\xda\
\x49\xd3\x28\x3a\xc8\x6b\xc2\xb2\xeb\x80\x46\x5d\xe3\x03\x91\x10\
\x4b\x78\xcb\x48\xa8\x70\x63\x07\xb5\x38\xa0\xb6\xa3\xf3\xc6\x02\
\x89\xe7\x5b\x01\x8d\x5d\xba\x70\x9c\x15\x74\x9c\x15\x74\x9c\x15\
\xd4\xdd\x0a\xbd\xd9\x65\x4c\x80\x84\x4b\xa1\x77\x08\xa3\xe3\xac\
\xa0\xa8\xb3\x82\x6e\xa4\x1f\xb2\x84\xa7\x26\xcb\x05\x2d\x19\x25\
\x32\x92\x3e\x48\xbb\x0f\x7e\x56\x50\xc9\x6e\x52\x08\xe1\xe3\xac\
\xa0\x6e\x3e\x2b\x88\xfc\x9d\xe9\x77\xd1\xb1\x07\x66\x0e\xfb\xe9\
\x85\x3e\xa1\xc4\xd8\x86\x53\x79\xf4\x91\x3c\xe4\xfb\x6e\x38\x95\
\x47\x97\x59\xd8\x35\xc0\xc4\xf5\x05\x18\x0b\x5e\x06\x3b\x2c\x18\
\x37\x40\xa0\xab\xa3\xf5\x50\xee\xdb\xd2\x44\x78\x66\x6a\x4b\x2b\
\xb8\x45\xb8\xb1\x58\x1c\x4e\xd1\x00\xd8\x4b\xc7\x1b\x28\x8b\x4e\
\x9e\x1a\xe0\x6e\xdf\xbc\x57\xba\x63\x65\xc8\x05\x64\xc7\x54\x83\
\xa8\x61\x60\x15\x5c\x03\xaf\xb3\x5c\xd8\xfe\x8d\x74\x2a\x1d\x68\
\x4d\xce\x02\x7a\x46\x32\xfa\x21\x94\xdb\x31\xab\xc2\x2a\x5d\x4a\
\x21\x33\x54\x40\x73\x1d\xe0\xb8\x76\x82\x9c\x3a\x8d\xbe\x06\xd6\
\xb5\x45\x0f\xbc\x26\x17\xf1\x62\xa9\xdf\x06\x1e\xf3\x41\x61\xd0\
\x4f\xa0\x2a\x72\x62\x71\xec\x48\xd6\x4a\xd0\x0d\x03\x1a\x3c\x8c\
\x42\x70\x60\x89\x9c\xb5\xa3\x45\xb3\xb0\x6b\x3c\x24\x2b\x05\x80\
\x84\x75\x50\x8d\xc2\x42\x36\x59\xbc\x5f\xe7\x8e\x16\x75\x27\x5d\
\xe6\x0b\x90\x95\x42\x2a\xa8\x01\x84\x98\x4a\x19\x09\x2d\x89\x7a\
\x62\xa3\x8c\xb8\xd9\xcc\xe4\xcc\x16\x48\x47\xd2\x59\x3b\x2c\xd5\
\x11\x2b\xa2\xac\xa2\xa5\x30\x24\x0b\x7d\xa7\x45\x90\x63\xe5\xb8\
\xe6\xe6\xb7\x38\x5e\x03\x32\x39\x4b\xbb\xe5\x2b\xa0\x07\x61\x56\
\x76\xa8\x2c\x39\x6f\xb0\xa0\x2f\xbd\xd3\x68\x10\xa3\xb9\x2b\x16\
\x70\xcc\xa9\x61\xf9\x15\x4b\x8f\x14\xad\x51\xb5\x37\xf3\xb1\x68\
\x60\x30\x99\xaa\xd6\x65\x6a\x90\xae\x5b\x4c\xcf\x45\x3e\xc2\xed\
\x6d\x99\x89\xac\xd9\xb6\xcd\xe6\x72\x6b\xcb\xf1\x32\x3a\xe1\xfb\
\x1d\x5b\x5b\x8e\xad\x2d\x45\xb7\x6b\x6b\x0b\x95\x9c\x6c\xa0\xbb\
\xb0\x09\x50\x83\x08\xba\x88\xd6\x81\xe5\xd4\x58\xdb\xed\xda\x69\
\x6e\xa5\x91\x52\xea\x9f\xc0\x66\xf5\xd2\x4e\x00\x00\x91\xdb\x5b\
\x72\x8c\x71\xa0\x1d\x16\x5b\x36\xa9\x47\xbc\x55\x2f\x33\x51\xc5\
\xe7\xa5\x19\x8f\x55\x93\x47\x41\x5e\x63\x73\x14\xe4\x6f\x73\xe4\
\x99\x05\xf9\xf0\x46\x12\x13\xaa\xe8\x45\x86\xed\xc2\xff\x61\x10\
\x74\xeb\xd3\xd8\x8b\x72\x63\x8d\xa6\x1e\x80\x78\x97\x03\xf9\xce\
\x18\x2c\x52\x73\x58\x29\xc9\xfb\x34\xc8\x03\x2e\x1c\x47\xd4\x6a\
\x40\x2e\xfb\xb6\x9d\x2c\xc8\x13\x6d\xa8\xab\xdc\x59\x89\x50\x95\
\xdc\xf7\xdb\xc4\x6f\x38\x31\x94\xb2\x68\x01\xe8\xb1\x3b\x64\x38\
\x67\x53\x48\x8a\x97\x15\x28\x7a\x88\xd1\x03\xf4\x60\xb9\x08\xac\
\x8e\x14\x6b\xd4\x10\x94\x1c\xac\x88\xcd\xb1\x19\x49\x63\x0e\x33\
\x38\x57\xd8\xcc\x83\xf2\x0a\xaf\x56\xac\x3e\xc2\x32\x3f\x8e\x94\
\x60\x89\x44\xc2\x88\x89\x2d\x2c\x81\x4d\x34\xfa\x7f\xae\x09\x69\
\x0c\x42\x8f\x29\x4c\x32\x67\x96\xc5\x26\x1a\x5d\xdf\xa7\x69\x95\
\x00\x29\x25\x66\x4c\x8b\x64\x15\x59\x29\x62\x92\x56\xa2\x52\x08\
\x48\x8a\x22\x3d\x22\xee\x73\x8c\xf2\x57\x02\x8b\xb2\x13\x13\x5b\
\xd4\x2a\xb5\xb8\xe5\x6e\x20\x30\x00\xfa\x1d\xff\xc6\x11\x1d\xa2\
\xf6\xa2\x90\xf8\x19\x38\x62\x47\x88\x7a\x84\xa8\x9f\x66\x88\x6a\
\xe9\x40\x83\x59\x38\x5e\x81\x44\x8b\xa6\x97\x51\x16\x44\x75\x5d\
\xb2\xc3\x7b\x95\xe4\x08\xad\x66\xa3\xdb\x59\x27\x0b\xab\xad\xba\
\x5f\x09\x8c\x68\xa6\x2e\x1d\x4a\x10\x71\x1e\x04\x57\x38\x96\x10\
\xd6\x95\x3f\x1f\x63\xf2\x1c\x16\x91\x0e\x85\x4a\xd7\x20\x39\x37\
\x1d\x64\x21\xb1\x66\xff\x05\x7b\x6d\x56\x11\xd7\x58\xb3\xf3\x11\
\x00\x11\x71\x90\x85\x57\xda\x5d\x42\x3c\x5f\x21\x77\x25\x54\x8e\
\x87\x34\xd9\xad\xc4\x43\x1e\xdb\xb1\x9d\x8a\x47\x5c\x63\xcd\xd2\
\x19\x8b\xb8\x2f\x27\x1e\x39\xe3\x90\x47\x50\x18\x69\xec\x14\x74\
\x03\x22\x76\x00\x61\x79\xe1\x4a\xf9\x96\x01\x48\xb9\xb9\x35\x53\
\x6f\x2d\x16\xca\x3e\xc3\xdd\x0f\x87\x8d\x3f\x6c\xfc\xa7\x69\xe3\
\x2d\x39\xe9\x9e\xc1\x42\x19\xa8\xd8\x34\x34\x06\x0b\x58\x4f\x77\
\x5a\x54\x14\x75\x7b\xf8\xce\xd4\x75\x5a\x9e\x90\x77\x6e\x01\x35\
\x84\xb3\x55\xe7\xce\x89\x20\x45\xd4\xcc\x8f\x55\x2a\xe0\x16\xe7\
\x67\xba\xaa\x24\x2e\xee\xf5\xbe\x29\x0e\x69\x3b\x11\x74\xda\x20\
\x8a\x06\x42\x2f\xfe\xe0\x44\x24\x86\x30\x79\xe7\xa2\x21\x0a\xf1\
\x0a\x6e\xa3\x69\xc1\xb3\xd0\x6f\x3a\xbf\xbd\x44\xe5\x39\x91\x16\
\xa5\x7a\x64\x69\x50\x34\xc9\xe9\x37\x84\xf6\x35\xd0\x83\xc0\x25\
\x37\xae\x25\x8e\xa9\xba\x17\xca\x55\x11\x09\x53\x77\x9d\xcf\x56\
\x69\xb8\x6b\x8e\xcb\x6d\x88\x2a\x36\x8e\x40\xea\x87\x07\xd9\x58\
\x26\x3b\x46\x33\x53\x31\xdd\x85\x32\xd0\xac\xd0\xa5\x67\x2c\xe8\
\x92\x49\xc6\xc1\xa2\x67\x2c\xa5\x32\x76\x48\x93\x56\x0a\x78\xf8\
\xb6\xb9\x27\x18\xe9\x93\x98\xc8\xb9\x2a\x9d\x09\x60\x51\x74\x82\
\x83\x76\xf9\x56\x50\x26\x62\xe5\xc4\x97\x4e\x98\x3e\x73\x4f\xb4\
\x5e\x20\x09\x80\x76\xea\xd7\x4b\x7b\xc1\xee\x07\xa6\x93\x16\xf8\
\x84\x05\x5e\x83\x50\x13\xf9\xf6\x2c\xb6\x58\xa0\x56\x82\xf5\xd3\
\xd3\xe3\x9c\x49\x0b\x78\xe4\x81\x97\xac\xc5\x3a\x28\x23\xf4\xe6\
\x7a\x38\x28\x87\x83\x72\x38\x28\x2f\xe0\xa0\xf4\x40\x87\xd6\xfd\
\x6f\x0a\x06\xce\x7d\xe0\xb8\xc4\xf9\x2c\x5b\x4f\x51\x64\xa6\xc2\
\x00\x58\xfa\x52\xf5\x3b\x09\x5e\x17\xe6\x30\x73\x62\xf3\x33\x1f\
\x21\x9e\x29\x84\xc3\xc8\xe3\x75\x91\x63\x2e\x36\x0f\x02\x4f\xfb\
\x8d\xca\x5f\xa4\xae\x1b\x08\x48\x45\xbc\x9a\x76\x72\x16\xc6\xa5\
\x8b\x42\x21\xef\xc6\x28\x7a\x35\xbf\xb5\x16\x45\x3b\x8c\xc8\xbb\
\x08\x9e\x20\x9a\x78\x48\x87\xe8\x12\x1b\xfe\xc7\x18\xa7\xbb\xc3\
\x38\x1d\xc6\xe9\x30\x4e\x2f\x64\x9c\x52\x3b\x67\x3e\xbe\x71\xa2\
\x60\x82\xbc\x62\x92\xc4\x34\x78\x8d\x43\x9c\x76\x97\x3e\x7f\xe9\
\xf3\x89\xdb\x9b\x08\xcb\x6b\x34\xd8\xfd\xef\xb7\x88\xd5\xe9\x21\
\x4b\xe2\xeb\xfc\x55\x9d\xae\x6d\x59\x58\xe7\x7f\xcc\x94\xae\x1e\
\x54\x20\xa5\x1b\x6f\x8c\x34\xd6\x3a\xd5\xbf\xc1\x18\x95\x9f\xdb\
\x31\xd0\x87\x31\x3a\x8c\xd1\xa7\x6b\x8c\x6c\xcf\x75\x29\xe7\xe9\
\x4b\xb8\xb3\xb2\x14\xb5\xc1\x07\xff\xb9\xab\x59\x15\xdc\x93\x18\
\x73\x59\x2e\xbe\xce\xfc\x22\xe5\x5a\x89\xed\x27\x50\xae\x8d\x38\
\x19\x36\x75\xc7\x14\x1c\xba\xfa\xd0\xd5\x87\xae\x7e\xf6\xee\x0f\
\x62\xb2\xd2\xd5\x5b\xde\x33\x08\x0e\xb3\xd9\xb6\x51\x75\x7a\x57\
\x04\x16\x36\x02\xb9\x7e\xb1\x81\x82\xcf\xde\x94\x60\x48\xb9\xac\
\x64\xda\x05\x18\x5e\x06\x9b\x31\x18\xc6\x22\x06\x8c\xc5\x8a\xde\
\xaf\x0d\xbb\xd7\x36\xbc\x53\x30\x14\x0d\x08\xd3\xb7\x1c\xa2\x38\
\x0d\x9a\x2b\xac\xa1\x2a\x41\x81\x14\x4d\xe2\x04\xae\x65\x01\x4c\
\x1d\x46\x2c\x5a\xfb\x1c\xe6\xec\x28\x2d\x1c\x4a\xf8\x50\xc2\x2f\
\xf5\xb2\x57\x02\x91\x59\x3a\x28\xa7\xa9\x72\x87\xc6\x2c\xbc\x92\
\xce\x7f\x1f\x5d\x2a\x06\xc1\xee\xd9\x42\x93\x1a\xdd\xb6\x90\xcb\
\x96\x33\x39\x97\x5e\x4b\x17\xe5\x73\x2e\x2c\x4e\x8c\xcb\x11\x10\
\xe6\x06\x04\xd6\x71\x4b\x05\x4e\xfb\xa0\x7e\xdb\x17\x4c\x64\x17\
\xf5\xa1\x0a\x0f\x55\x78\xa8\xc2\x17\xf0\x47\x9b\x4e\xee\x82\xdc\
\xe1\x8f\x82\x57\x64\xe4\xa4\xed\xdc\x5a\x2e\xe7\x2d\x99\x39\x52\
\x83\xaf\x99\x76\x5b\xde\x36\xad\x9d\xc9\xc0\x9b\xb5\xa3\x41\x58\
\x3f\x73\xc7\x0b\xab\x29\xe7\xb9\xfb\x85\xd5\x40\x8b\x0c\x10\xc6\
\xb5\x2a\x19\xfc\x2e\x17\xaf\x23\x2d\x16\x97\xb1\xc4\x15\x6a\x8f\
\xca\xe1\xa1\x70\x0f\x85\xfb\xb1\x14\x2e\x69\x06\x3b\x18\x73\x0c\
\x5c\xdd\xf1\x01\x8f\x15\x24\x28\x49\xf7\x64\x8e\x64\xb4\x7f\x5e\
\x88\x19\x4a\x66\x2b\xc8\x29\x6e\xad\x31\x32\x93\x32\x61\xb1\xe6\
\xf2\x4e\x68\x4e\xa8\x47\xcc\xb1\x70\x08\xd2\x79\x7d\x7c\xbb\xf5\
\x6e\x4b\x9d\xa5\x06\xaa\x8b\x8f\x40\xd2\xc5\xc4\x08\x2d\x1c\x25\
\x67\x7b\xe8\x78\xc7\x21\xad\xa7\xc5\xe5\x2d\xda\x4a\xa8\x6f\xbd\
\xfa\x97\x4c\x5d\xa3\x40\x68\x50\x01\x90\xb8\x5b\x5b\x22\x37\x9b\
\xc5\x38\x63\x44\x3a\x3b\x7a\x71\x0d\x2d\x61\x75\x7a\x83\xec\x97\
\x97\x2a\x97\xcd\xc2\xf5\xcd\x19\x9c\xc1\xa2\xec\x6e\xa7\xcf\x01\
\xe4\x0b\x55\x0e\x33\x3e\x1b\xe2\xf3\x31\x46\xc7\x89\x1b\x8b\xbd\
\x1e\x27\x6e\x2c\x60\x73\xed\x8e\x13\x37\x5a\xe0\xca\x0b\xbc\x40\
\x76\x66\x2a\x1e\xce\xe0\x2d\x23\xb7\x0e\xda\xca\xf1\x19\x06\x0b\
\x6c\x02\x8f\x98\x4d\x0e\xd3\xa7\x05\x53\x51\x5a\x3d\x51\x48\x10\
\x88\x98\x6e\x42\xa0\x35\xa8\x66\x19\x04\x21\xda\x7a\x4d\x35\x0d\
\xf0\xc4\x0d\x3e\xd3\x80\xd6\xc7\x63\x1c\x52\x38\xe5\x67\xea\x02\
\x97\x4e\x1f\x27\xc1\xf6\xac\xee\xc4\x4e\x8d\x02\xea\x00\xf9\xec\
\x55\x89\x93\xff\xf4\x89\x1b\x09\x60\x52\x00\x06\x49\xe7\x0e\xa6\
\xd0\xf7\xed\xef\xda\x6d\xcb\x59\x7a\xf9\x9c\xd8\x8a\xa0\xc1\x4a\
\xa6\x2e\x38\xe9\xae\xb0\xd1\x74\xe8\x12\x18\x9a\xc0\x3e\x12\x3c\
\x69\x23\x44\x17\xef\xa4\x09\x8c\x90\xe1\xe0\x44\x6c\xd2\x2a\xac\
\x86\x4e\x9e\xc7\x4e\x98\xe6\x9d\xd8\xd9\x63\x93\x85\x42\x78\x71\
\xec\x76\xca\x05\x4e\xdd\x60\x10\x9a\x1e\x03\x88\x91\x7e\x2c\x07\
\x52\xbb\x03\xbb\xf3\x44\xbc\x7b\x40\x1e\x17\x42\xa0\xad\x8d\x55\
\xd8\xb0\x74\xfa\x08\xca\x73\x2f\x42\xd8\x25\x4e\x5f\x48\xc4\xf0\
\x58\x10\xa7\xb9\x2a\x49\x1f\x38\x99\x83\xf4\xc5\x8d\xe3\x41\xd6\
\xce\x06\x11\xe4\xec\x7d\x8c\x08\x61\x16\x25\x9f\x63\x0c\xa2\x0d\
\x60\x53\x2a\xba\xe8\x53\x49\x60\x9a\x91\xd7\x3d\xc0\xd8\xa5\xf8\
\xac\x9d\xc2\x41\x8e\xd2\x8d\x4c\x41\xfe\xb9\xbd\x44\xf6\xc8\x14\
\x1c\x99\x82\x4f\x32\x53\xc0\xbd\x17\xd0\x86\x06\x61\x35\xa6\x3d\
\x8b\xdf\xcb\xda\xae\x24\xfe\x0c\x7d\x12\x31\x60\x66\x2a\x66\x2a\
\x49\x07\x81\x41\x16\x56\xc4\xda\x37\x7b\x8d\xa7\x59\x28\x84\x5d\
\x4f\x43\x6e\xda\x6a\x4c\x9a\xb3\x54\x18\xcd\xa4\x36\x58\x90\x52\
\x05\xe5\x2a\x06\x00\x53\x0c\xf7\x04\x6a\x7d\x9d\x77\xee\xc8\x5d\
\x3d\xf6\xf5\x38\x5d\x17\xba\x6e\x2d\x84\x3d\xce\x2d\x3a\x34\xe6\
\xa1\x31\x5f\x42\x63\x12\x56\x14\x64\xf7\x0e\x9b\xba\xe0\x79\xcb\
\x39\xb4\xbc\xdb\x5b\xdf\x27\xc7\x50\x64\x34\xb7\xd5\xf7\x09\x44\
\x08\x83\xc8\xfa\x3e\xab\xfe\x4c\xf5\x1c\x5f\xdf\x67\x10\xe1\x9a\
\x7d\x38\xb3\x27\xdb\x72\xe4\xe3\x27\xf9\x62\x57\xf6\x1a\xe9\xd4\
\xd9\xcb\x66\x65\x40\x9a\xd4\x81\x83\x76\x28\xd3\xbb\x36\x88\x54\
\x60\x4d\xba\xf3\x19\x0b\x13\xf2\x63\xa1\xec\xa1\xcb\x0f\x5d\xfe\
\x12\x75\xb2\xcc\x82\xb0\x4c\xf6\x5c\xdc\x88\x85\x09\x36\x63\x43\
\x89\xaf\x02\xeb\x43\x2e\x57\x80\xd9\x0a\xf1\x0d\x39\x33\x91\x57\
\xa2\x74\x14\x65\x31\x5a\x97\xad\x70\x97\x44\xce\xa8\xce\xe1\xbe\
\xcd\x15\x88\xff\x5b\xcf\x8d\xbf\xb9\x18\xc1\xf7\x94\xcd\x64\xd7\
\xe3\x27\x87\xb9\xee\x64\xda\x25\xbc\xfa\x22\x58\x87\x48\x01\x59\
\x9b\x1f\x10\xa9\x16\xdf\xae\x45\x9e\xa8\x7e\x78\xc3\x87\x06\x3d\
\x34\xe8\x87\xde\xa3\x4c\x8c\xde\xa3\x41\x49\x84\x30\x07\x4e\x69\
\x76\x57\xf8\xf1\x34\xa8\x45\x52\x27\xb0\xe9\x9b\x97\x80\x65\xac\
\x59\x19\x04\x96\x93\xfa\x00\x88\x5e\x82\xe2\x77\x56\xe4\x4e\x09\
\x23\x08\xc2\x0a\x94\x2e\x83\xec\x25\xc8\xd2\xba\xb2\x58\x46\xd0\
\xe0\xf4\xa3\x0a\x2b\x78\x0b\xea\x33\x76\x2c\xa0\x68\x05\xb2\x35\
\x7e\xaa\xc6\x7e\xf8\x7d\x65\x70\x90\x39\x5d\x26\x53\x90\xa8\xa6\
\x21\x4c\xd7\x97\xb9\x6d\xd0\xe5\x6d\x7e\xe8\xf2\x43\x97\x1f\xba\
\xfc\x05\x32\x1b\x85\x23\x29\xcd\x0b\xbe\xef\xe6\x70\xc8\xf7\x0a\
\xea\x75\xe2\x42\x32\x7f\xf3\xb1\x7a\xea\xcc\xfe\x84\x2f\x7b\xf5\
\xaa\x15\x0f\x91\x95\x0f\xa6\x8e\x29\x69\x4b\xbd\x42\xb1\x49\xac\
\xa6\x72\xe5\xbf\x88\xc3\xfb\xb8\x1c\xca\xfe\x68\xce\xd6\x65\x02\
\x51\xa4\x6a\x00\x55\xe7\x95\xfb\xbc\xeb\xae\x1b\x61\x94\x12\x89\
\x3c\xbb\xf4\x58\x98\xb4\x73\x85\xc1\xe7\xcc\x54\xb1\xe4\xab\x92\
\xb4\x09\x5e\x5f\xc0\x82\xc6\x6d\x75\x01\x57\x4d\xb1\x67\x5f\x87\
\x70\x72\x04\x6c\x1a\x72\xa5\x22\x6e\x61\x45\x51\xfe\x1f\x8c\x0c\
\x12\xb0\xa8\x49\x27\x0b\xd3\xcd\x4c\x2f\xc3\x02\x58\x35\x46\x25\
\xf1\x04\x18\x88\xd7\x42\x5d\xd0\xa0\x72\x47\x8b\xbc\xdb\xfb\x2a\
\x27\xc3\x91\x85\xec\xcd\x61\xaf\x0e\x7b\x75\xd8\xab\x97\x88\x3d\
\xd2\xf9\x37\x63\x51\xc3\x00\xca\x19\x44\xed\xe4\x62\xd3\x7e\x36\
\x5a\xe6\x04\x1c\x09\xa5\x87\x51\x90\xf5\x4a\x56\x99\xdc\x0e\xa6\
\x8e\xa5\x61\x5d\xcd\x0b\x53\xed\x72\x5b\xd1\x55\xbb\xf1\xc2\x65\
\x4f\x60\x9c\xda\xa8\x64\x81\xdf\xa5\x03\xb1\xa3\xf8\x1a\xa7\x1d\
\x9b\x63\x65\xc7\xa1\x1d\x0f\xed\xf8\xa1\xea\x94\x16\x43\xe5\xcd\
\x3f\xa3\x46\x49\x03\x79\x46\x8d\x72\x6d\x17\xf4\xd6\xf7\xab\x64\
\xaa\xe7\xf8\x1a\xa5\xd0\x8e\xfb\xf7\x20\x87\x32\x33\x1b\x4f\x1f\
\x62\x2c\x96\xc8\xa9\x07\xd5\x78\x03\xc2\x24\x7d\xf0\x71\x3d\x88\
\xc2\xc3\x9a\xa5\x33\x1e\x71\x8d\x15\xaa\x9c\x88\xe2\x6a\x08\x2b\
\x0f\x84\x6e\x92\xde\x24\xb7\x67\xaf\xd6\xd3\x49\xd5\xf1\xf2\x8f\
\xc3\x00\x1d\x06\xe8\x25\x0c\x50\xd9\xf1\x2e\x0b\x76\xd9\x73\x10\
\xc1\xdc\x0c\x4c\x6b\xcc\xcd\x9b\xf0\x9c\xde\xe6\xb7\x76\x64\x9d\
\xcb\x36\x24\x5d\x28\xdf\x21\x93\x3c\xb0\x14\xbc\x50\xbb\xbe\x37\
\x82\xb0\x4d\x4d\x7a\x28\xe0\xdd\x2f\xa5\x0e\x56\x8e\xe1\x08\x1a\
\x61\xda\x4a\x51\x0a\x86\x7a\x87\x81\xa0\x9e\x40\xcd\xe9\xab\x7b\
\xf4\x01\xd8\x25\x50\x46\x78\xc3\xa2\x4f\xb2\xe7\xc1\x4a\x02\x25\
\x6b\x28\xbe\x48\xe1\xb7\x4b\x08\x9a\x81\x60\x31\x19\xca\xde\x41\
\xb2\xae\xd7\x38\xb6\xac\xaf\x39\x62\x90\xc3\x04\x1c\x26\xe0\x25\
\x32\x34\xe5\xdc\x23\x55\x14\x38\x7f\x2f\xf5\xbd\x06\xb1\xa8\xf2\
\x33\x10\x27\x2b\xc9\x56\x1d\x04\xb3\x12\xf1\xab\x5a\x70\x95\xa2\
\x30\x30\x98\xab\xce\x3b\x99\xcb\xce\x3a\xb7\xb6\x3b\x63\x9d\x45\
\x08\xaa\x5b\x61\xeb\xa1\x73\xfe\x33\x47\xcc\x72\x70\xd4\x90\x54\
\x5c\xc7\x52\x00\x68\x4d\x36\x5c\x17\xa7\x39\x57\x90\x8f\xc8\x69\
\x6f\x74\x9a\x93\xf4\xd0\x98\x87\xc6\x3c\x34\xe6\x0b\x68\x4c\xdf\
\x41\xf6\xbd\x63\x17\x9d\xef\x3e\x22\x48\x9d\x06\x80\x5b\x2e\x49\
\xe9\x90\x02\xc2\x22\xa2\x74\x69\x69\xa6\xee\x48\x01\xaf\xbc\x62\
\xfb\x58\xde\x7c\x28\x93\x43\x99\x7c\x8c\xcd\x7d\x75\xed\xf9\x4e\
\x2f\xf9\x52\x28\x5c\x85\xa1\x83\xb8\xb4\x13\x4e\x10\xbe\x23\x31\
\x75\x22\xb3\xf3\xac\xb1\xe8\xd5\x29\x49\xe7\xd6\x87\xb4\x2c\x5a\
\xb0\xd7\xef\xf6\x46\x3f\x72\xbf\x9c\xc7\x47\x89\x68\xbd\x43\x9a\
\x37\xfa\x85\xe8\x20\x07\x6b\xc8\xb9\xe0\xc1\xc6\x04\xb0\xc5\xa1\
\x41\x0f\x0d\x7a\x68\xd0\x0f\xb8\xc4\xa0\x70\xff\xdb\xbd\xcd\x38\
\x85\xa3\x97\x18\x64\x92\x23\xba\x48\x82\xe2\x13\x2a\x90\xa0\x90\
\x2f\x2c\x31\x08\x64\xcb\x3e\xd2\x12\x03\xf4\x25\xb3\x85\xdf\xe1\
\xa5\x07\xa1\x22\xda\x46\x1f\xd3\x90\x73\x65\x03\xc8\x71\xcc\xf9\
\xa1\x21\x0f\x0d\xf9\x52\x01\x6b\xda\xf1\x19\x64\x06\x1b\x55\x95\
\x8d\x4d\xf1\x69\xc7\xa8\xed\xa2\x5f\x14\x81\x6e\x98\x95\xc6\xc2\
\x2e\x0e\xdd\x03\xc2\x7e\x9b\x97\x44\x34\xdb\x40\x24\x12\x44\x45\
\x7b\x47\x2e\x7c\x9d\x2a\x1b\x95\x5d\x53\xcc\xb7\x12\xb8\x5e\x88\
\x5e\x75\x97\x22\x78\x4f\x55\x93\x49\x26\xb6\xa5\xf8\x36\x2f\x00\
\xc9\x58\xc0\xb9\x89\x5e\x00\xe2\xa6\xd2\x5a\xed\x89\x74\xe7\xad\
\x4d\xea\x41\xaf\xf7\x97\xaf\x5f\xbd\x7e\xf5\xf7\xa7\xef\x1e\x87\
\x77\x0f\x3f\x3e\x5e\x86\xef\xde\x9e\xbf\x1f\x4e\xbf\x3f\xdd\xfd\
\xd2\x29\xfc\x92\x7f\x4e\x73\xe4\x5c\x99\x03\xd4\xf8\x52\xeb\x7e\
\xe6\xae\x95\xf9\x1e\xe6\xef\xda\xb5\x4e\x66\x74\x93\x11\xcd\xde\
\xea\xe4\xa6\x76\x00\x52\xfe\x39\x0d\x02\xbf\x09\xe6\xf4\xc4\xf4\
\x3d\xc9\x86\xf9\xbf\xb4\xdf\xd6\x32\x65\xae\xcf\xf9\xbb\xb2\xcf\
\xbb\x5e\x12\x8b\xf1\xc8\xdf\xcb\x08\xfd\x3c\x51\xd9\xdd\xb5\x6b\
\xeb\xec\xd0\xe6\xef\xc2\x7e\x97\x12\x97\x98\xbe\x66\x21\x99\x4e\
\xc3\x6c\x2e\xf6\x34\x3d\xe8\x2b\x71\x7d\x5d\x98\x04\xf3\xad\x76\
\x73\x1f\x23\xec\x3e\x9b\xfb\xb8\xd4\x41\xfe\x58\x58\x55\xb5\x79\
\x1c\x69\xc2\x7c\x9b\xe8\x76\x9d\xb8\x10\xe4\x1b\xd3\xaa\x50\xfc\
\x2b\x55\x1f\xb9\xe4\x23\xcb\x4e\xaa\x9e\x2b\xe2\xe9\x30\xbb\x11\
\x89\x35\x8b\xe5\x9d\x90\x2d\xa0\x35\xd1\xb6\x26\x5c\x9b\xb0\xdc\
\x6e\xa0\xfd\x08\xe1\xd2\x98\x77\x25\xbe\x1f\xa0\xcf\x1c\x49\x24\
\x61\x94\x9b\xfb\x18\xb1\xbe\x94\x73\x1f\x05\xf4\x51\x62\x77\x92\
\xd6\x59\x7c\x1f\x57\xa6\x9d\x31\x6a\xad\xe8\x63\xcf\xbc\xa4\xfb\
\x2d\xf7\x25\x68\x5d\xc7\xf3\x35\x2d\x19\xb7\xc9\x90\x5c\x2b\x71\
\x77\x07\x6e\x2c\x6b\xad\x6a\x4f\xd7\x69\x2e\x96\xea\x39\x75\x9d\
\xe6\x91\x75\xb8\x36\x0e\x67\x32\xaf\x63\xeb\x6b\xfa\x5c\x52\xef\
\x1e\x4e\x11\x86\x5b\x0d\x5b\x86\x43\xd2\x79\x67\x34\xc2\xfb\x72\
\xfc\x9c\x61\x38\xa5\xaf\x19\xd4\xec\x8b\xe9\xe3\x8e\x35\x76\x33\
\x4a\x40\x93\x8b\x3e\x6a\xd0\x70\x34\x94\x52\xf6\x41\xff\x57\x4a\
\x1b\x6d\xd0\x2a\xe7\x79\x86\x4f\xd2\x87\x16\xab\xf2\xfa\x66\x72\
\x2b\xab\xb1\x61\x36\xa6\x39\x8b\xc8\xdd\x48\xcf\xbb\xf2\xe7\x92\
\xf8\x15\xeb\x0a\xf6\x72\x49\x24\x12\xc3\x26\x63\x90\x50\x24\x2e\
\x9e\x81\x65\x52\xec\x52\xf6\x77\x23\x5b\x5a\xa9\xec\xab\xda\xef\
\x43\x29\x7b\x2d\x12\x31\x7d\x0e\xac\xec\xcf\xe5\xac\x8c\xd1\xd0\
\xf6\xbe\xe3\x30\xa8\xff\x7b\x85\xd3\x39\x4c\xf6\x7c\x3b\x4e\x23\
\xc4\x61\xc2\x47\x3a\x18\x88\x13\x19\xa0\xe6\xc3\xe3\x64\xf9\x3f\
\x39\x3c\x8d\xcf\x7f\xc0\x89\x78\x40\x30\xb7\x1b\xc5\xa9\x75\x33\
\xab\x9d\x2a\x3c\x2d\x69\x9c\x5a\xc4\xe3\x65\x6c\x92\xaf\x62\xa6\
\xd4\x25\x6c\xdc\x69\x1c\xda\x79\xa1\xe9\xd5\x6c\x1e\x97\x8d\x9a\
\xa6\x71\x21\x3f\xdd\xa8\x59\xdd\xf4\xdb\xc7\xd5\x3b\xa7\x65\x7c\
\x3a\xbd\xe9\x30\xea\xf9\x49\xe3\x24\xa3\xce\xe3\x4d\x25\x4e\x31\
\xaa\xce\x72\x2a\x37\x68\x4d\xb1\x86\x90\x95\x8f\xa8\xea\x96\x1d\
\x16\x46\x61\x83\x7a\x1a\xd8\x27\xbf\xde\xcd\x53\x01\xfd\xc2\xcc\
\xb7\x58\x8a\xb4\x75\x11\x46\x93\x87\x91\xab\xe1\x47\xe0\x74\x61\
\xd1\x1a\x46\x9c\xda\xb3\xb8\x6b\x8f\x44\x10\xa2\xa5\x44\x8c\x71\
\x58\xb0\xb2\xdb\x54\xc3\x14\x8e\x4e\xe2\x8d\xa2\x97\xf9\x53\xea\
\x22\xbf\x37\xf4\x31\xc2\xbe\x5e\x57\xd5\x0f\x89\x6b\xbb\xbd\x0f\
\xe7\x91\x4c\x8a\x71\x32\x3f\xe8\x91\x38\x87\x90\x9d\x2a\x65\x86\
\x34\x7f\xb7\xf8\xea\xce\x0c\x5d\xcf\xb3\x9a\x78\xe6\x94\x59\xf6\
\x6b\xb7\xd2\x23\x9f\x3f\x6d\x25\x55\xe5\x06\xd9\x52\xa6\x73\x1b\
\x3d\x52\xda\x62\xbe\x2d\x3e\xd2\x73\xab\x51\xf4\xa0\xeb\x77\xf1\
\x38\x9d\x59\x06\x27\xcf\x78\x3a\xc6\x03\xe5\x3c\xc2\x2b\x26\xb3\
\x9b\xc7\xf7\xd9\xb2\x27\xde\x8e\xad\x9b\xb6\x13\x31\x3a\x98\xab\
\x17\x18\x9f\x9d\x45\x53\x2e\xec\x3a\xbf\x6c\xe0\xfc\xa2\xfa\x6d\
\x8b\x5e\x1b\x58\xaf\x4d\x7a\x25\x79\x76\x4e\x69\x25\x30\xda\xca\
\xff\x11\x9f\x76\xde\x11\x23\xe6\xa8\x9f\x17\xd0\x66\x5c\x9b\xd4\
\xd5\x3e\xbd\x24\xde\xbb\xa7\xc7\x1f\x2f\x4f\xdf\xfd\x94\xaa\x4c\
\x9e\xfe\x64\xea\xff\xd4\xfb\x3f\xf6\xd1\xac\xf2\xee\x8b\x47\x33\
\x47\x56\xef\x03\xbd\x4e\xaf\x92\xa8\xd4\xa3\xe3\xed\xfe\x1c\xf1\
\xe8\xf8\xb9\x36\xf2\xd1\xc2\x38\x18\x37\x1f\x9d\x32\xa4\x65\xe2\
\xf5\x9a\x6b\xf2\x04\x1e\x9d\x9c\xa7\x21\xf3\xc8\x54\x44\xf4\x3a\
\x29\xca\xac\xf5\x7a\x3d\x0f\x11\xbd\x8e\x6d\xee\x72\xf9\x68\x3e\
\xa7\x66\x6f\x8e\xb5\x75\x29\x08\x60\xce\x25\x86\xc2\x53\xaf\x57\
\x6f\xac\xe5\x25\x62\xac\x45\x47\x8b\x32\xb0\xd7\x6b\xc4\xa3\x53\
\x26\x3c\x69\x3d\xbe\xe6\x31\x63\x1d\x27\x70\x9b\x78\xbd\xb6\x31\
\x82\x78\x67\x02\x2a\x4d\xe1\x34\x82\x39\xa6\x70\xe2\x3f\x3a\x44\
\xf4\x3a\xa5\xe9\x93\xab\xf7\x68\x19\x21\x88\x53\x51\x60\xa8\xbc\
\x47\x2f\x31\x8f\x4e\xda\x29\xf5\xc8\x54\xc7\x88\xc4\xd8\xe6\xce\
\x9f\xea\x49\xcc\xa3\x85\xf0\x89\xe9\x73\x17\x81\xf0\xa8\xf1\x43\
\x08\x9f\x63\x7a\xed\xb9\x58\x8c\x64\x6a\x62\x98\x33\x9a\x81\x7e\
\xf0\x10\xae\x63\x10\x2e\x8d\x3d\xd6\x8f\x5e\x9a\xdb\x8f\xa6\x89\
\x89\x70\xf5\xa3\x69\xe8\x31\xdd\xeb\xfc\xd1\x64\xca\x22\x26\xdd\
\xa4\xce\xc1\x6b\x23\x32\x55\x11\x08\x9b\x35\x5a\xb5\xa7\xd6\xea\
\x98\xb1\x9e\xb9\xa0\x85\x4d\xb2\x88\x49\x97\xcc\x0b\xce\x74\xaf\
\x31\x53\x3d\x9d\x2a\xda\xbd\xf7\x68\x15\xa3\xfd\xe7\x25\x0a\x9a\
\x4c\xd7\x18\x2d\x31\xf6\x5a\xdc\x79\x8f\xe6\x31\x1a\x71\x56\xf5\
\x9a\xaf\x45\x44\xaf\x53\xae\x24\xa0\x4c\xcb\x08\xe6\x14\xb3\xc0\
\x6a\xe6\xf4\x31\xe6\x6a\x22\xa7\x6f\x5f\x3d\xf7\x23\xf4\xe8\xa4\
\xaf\xfd\x99\xd3\x46\x20\x6c\x8a\x55\x17\xaf\xd7\x6b\xe8\x31\x4d\
\xa6\xb1\xd7\xbe\x5d\xf3\xac\xb2\x0f\xe7\x59\xb9\xcf\x4b\x39\x5f\
\x11\xd0\x9f\xe7\x9f\x99\xd5\x44\x13\x5b\xca\xd9\xe2\x68\xa3\xfb\
\x0c\x17\x2e\x02\xfa\xf3\xbc\xbc\x08\xdc\xf7\x3a\x82\x36\x3a\x9a\
\x6c\x4e\x3f\x25\xaa\xa7\xa9\x52\x7a\xac\x79\x86\xaf\x18\x81\xfb\
\x5e\x77\x32\x80\x7b\x71\xf1\xd4\xd5\x5e\x8f\x33\x02\xf7\x67\x38\
\xa5\x01\xdc\xf3\xc2\xa3\xfb\x5e\xbf\x35\x0e\xf7\xbd\xae\x6d\x9c\
\xbc\xef\xf5\x7e\xe3\x70\xdf\xeb\x20\x47\x40\x7f\x86\x0f\x1d\x07\
\x7d\xaf\x9b\x1d\x07\x7d\xaf\x27\x1e\x07\x7d\xaf\xb3\x1e\xc7\xd5\
\xbd\xfe\x7c\x1c\xf4\xbd\x2e\x7f\x04\xf4\x64\x7f\x54\x10\x87\xfb\
\xde\xc0\x21\x8e\xab\x7b\x63\x8b\x38\xca\xec\x0d\x3f\x94\x8e\x9c\
\xcc\x44\xc0\xbb\xdb\x1b\xa1\xc4\xe1\xbe\x37\x88\x89\xe3\xea\xde\
\x38\x27\x8e\xab\xcf\x09\x85\x6e\x5b\xed\xbd\xd1\x12\x71\x75\x30\
\x8b\x08\xde\x9f\x47\x30\x7d\xee\xd1\xfd\x19\x01\x15\xc9\xcc\x90\
\xcc\x6e\x7d\xeb\xbb\x0d\xcf\x88\xb9\x22\x28\xb3\x37\x2c\xd3\x3e\
\x41\x6a\x4c\xf4\x4b\x45\x6e\x71\x32\xb3\x37\xb8\x8b\x93\xf7\xbd\
\xf1\x5f\x9c\xc7\xb1\x37\x44\x8c\xd3\x04\xcf\x88\x22\x23\x64\x66\
\x6f\xa0\x19\xf0\x23\x53\x3f\x3d\xf1\x8c\x58\x94\xe6\xaa\x59\xbe\
\x51\x07\xdd\x86\x4d\xe1\x6a\x04\x65\x28\xa2\xfd\x69\x78\x7c\x77\
\xff\xf0\x76\x0c\x63\xff\x7c\xff\xf6\xe9\x8b\x9f\xbe\x3c\x5d\x1f\
\x1e\x4f\x3f\x9d\xee\xdf\x9e\xbe\x79\xfa\xfa\xe1\x71\xf8\xea\xef\
\xff\x39\x37\xf9\xe2\xcb\xaf\xde\xfd\xf0\xe6\xfe\xe9\x8b\x5f\x7f\
\xf5\xeb\x2f\xff\xf2\xfa\xd5\xfd\xf5\x04\xcf\xff\xf3\xe9\xcf\xe5\
\x6f\x4e\xcd\x6f\x4e\xc9\x5f\x7e\xf7\xfa\xd5\x69\xfc\x7b\xbc\x5c\
\x00\x7a\x3a\x5f\xf4\x63\xe8\xf1\x5e\xb0\x64\xf1\xfa\xd5\xf0\xe6\
\xdd\x10\x84\x95\x6d\x84\x95\x4d\x63\xed\x87\x11\xdf\x3f\xbe\xbd\
\x7f\xfa\xd6\xde\x7e\xf7\xc5\x97\x16\x3a\x0d\xf4\xdb\xe1\xaf\xf7\
\xef\x9e\x86\x47\x6a\xf1\x2f\xe7\xa7\xf3\x17\xd0\xf5\x6f\x02\xd0\
\xe5\xb5\x69\xd5\xb4\xbc\xd2\x8f\x30\xbe\xe4\xfe\xbf\x7e\x33\x9c\
\xdf\xfe\xf8\xc3\x32\x0a\xff\xf1\xf6\xf1\x43\x22\xa1\x09\xf0\xfa\
\xd5\xff\x02\x6f\x35\x43\x45\
"

qt_resource_name = b"\
\x00\x05\
\x00\x6f\xa6\x53\
\x00\x69\
\x00\x63\x00\x6f\x00\x6e\x00\x73\
\x00\x0c\
\x09\xd0\x77\x87\
\x00\x61\
\x00\x72\x00\x72\x00\x6f\x00\x77\x00\x2d\x00\x75\x00\x70\x00\x2e\x00\x73\x00\x76\x00\x67\
\x00\x0d\
\x01\x7f\x4f\xa7\
\x00\x72\
\x00\x6f\x00\x74\x00\x61\x00\x74\x00\x65\x00\x2d\x00\x63\x00\x77\x00\x2e\x00\x73\x00\x76\x00\x67\
\x00\x08\
\x04\xd2\x54\xc7\
\x00\x69\
\x00\x6e\x00\x66\x00\x6f\x00\x2e\x00\x73\x00\x76\x00\x67\
\x00\x08\
\x00\x28\x57\x67\
\x00\x66\
\x00\x69\x00\x6c\x00\x65\x00\x2e\x00\x73\x00\x76\x00\x67\
\x00\x0a\
\x08\x94\x6d\xc7\
\x00\x73\
\x00\x65\x00\x61\x00\x72\x00\x63\x00\x68\x00\x2e\x00\x73\x00\x76\x00\x67\
\x00\x0d\
\x08\xcd\x14\xc7\
\x00\x69\
\x00\x6e\x00\x73\x00\x74\x00\x61\x00\x67\x00\x72\x00\x61\x00\x6d\x00\x2e\x00\x73\x00\x76\x00\x67\
\x00\x08\
\x0c\x2f\x57\xc7\
\x00\x62\
\x00\x65\x00\x6c\x00\x6c\x00\x2e\x00\x73\x00\x76\x00\x67\
\x00\x0a\
\x07\x0b\x2c\xc7\
\x00\x65\
\x00\x64\x00\x69\x00\x74\x00\x2d\x00\x33\x00\x2e\x00\x73\x00\x76\x00\x67\
\x00\x0e\
\x08\xfa\x38\xa7\
\x00\x61\
\x00\x72\x00\x72\x00\x6f\x00\x77\x00\x2d\x00\x6c\x00\x65\x00\x66\x00\x74\x00\x2e\x00\x73\x00\x76\x00\x67\
\x00\x09\
\x0a\xc2\xa3\x27\
\x00\x76\
\x00\x69\x00\x64\x00\x65\x00\x6f\x00\x2e\x00\x73\x00\x76\x00\x67\
\x00\x08\
\x06\x38\x57\x27\
\x00\x68\
\x00\x6f\x00\x6d\x00\x65\x00\x2e\x00\x73\x00\x76\x00\x67\
\x00\x0e\
\x04\xfb\x0c\xe7\
\x00\x72\
\x00\x6f\x00\x74\x00\x61\x00\x74\x00\x65\x00\x2d\x00\x63\x00\x63\x00\x77\x00\x2e\x00\x73\x00\x76\x00\x67\
\x00\x15\
\x02\x4e\xf1\x47\
\x00\x61\
\x00\x72\x00\x72\x00\x6f\x00\x77\x00\x2d\x00\x63\x00\x69\x00\x72\x00\x63\x00\x6c\x00\x65\x00\x2d\x00\x64\x00\x6f\x00\x77\x00\x6e\
\x00\x2e\x00\x73\x00\x76\x00\x67\
\x00\x08\
\x0b\x07\x57\xa7\
\x00\x65\
\x00\x64\x00\x69\x00\x74\x00\x2e\x00\x73\x00\x76\x00\x67\
\x00\x08\
\x07\xff\x54\xa7\
\x00\x6d\
\x00\x61\x00\x69\x00\x6c\x00\x2e\x00\x73\x00\x76\x00\x67\
\x00\x09\
\x06\x56\x87\xc3\
\x00\x69\
\x00\x63\x00\x6f\x00\x6e\x00\x73\x00\x2e\x00\x71\x00\x72\x00\x63\
\x00\x0e\
\x06\x0c\x07\x87\
\x00\x61\
\x00\x72\x00\x72\x00\x6f\x00\x77\x00\x2d\x00\x64\x00\x6f\x00\x77\x00\x6e\x00\x2e\x00\x73\x00\x76\x00\x67\
\x00\x0a\
\x0f\xb8\x9b\x87\
\x00\x67\
\x00\x69\x00\x74\x00\x68\x00\x75\x00\x62\x00\x2e\x00\x73\x00\x76\x00\x67\
\x00\x08\
\x02\x8c\x54\x27\
\x00\x70\
\x00\x6c\x00\x61\x00\x79\x00\x2e\x00\x73\x00\x76\x00\x67\
\x00\x16\
\x03\x0d\x05\xa7\
\x00\x61\
\x00\x72\x00\x72\x00\x6f\x00\x77\x00\x2d\x00\x63\x00\x69\x00\x72\x00\x63\x00\x6c\x00\x65\x00\x2d\x00\x72\x00\x69\x00\x67\x00\x68\
\x00\x74\x00\x2e\x00\x73\x00\x76\x00\x67\
\x00\x08\
\x00\xa7\x54\xa7\
\x00\x6c\
\x00\x69\x00\x73\x00\x74\x00\x2e\x00\x73\x00\x76\x00\x67\
\x00\x0e\
\x09\xe5\xc4\x27\
\x00\x6d\
\x00\x61\x00\x78\x00\x69\x00\x6d\x00\x69\x00\x7a\x00\x65\x00\x2d\x00\x32\x00\x2e\x00\x73\x00\x76\x00\x67\
\x00\x0b\
\x0a\x88\x83\xa7\
\x00\x79\
\x00\x6f\x00\x75\x00\x74\x00\x75\x00\x62\x00\x65\x00\x2e\x00\x73\x00\x76\x00\x67\
\x00\x08\
\x08\xc8\x55\xe7\
\x00\x73\
\x00\x61\x00\x76\x00\x65\x00\x2e\x00\x73\x00\x76\x00\x67\
\x00\x0c\
\x06\xeb\x9a\x67\
\x00\x7a\
\x00\x6f\x00\x6f\x00\x6d\x00\x2d\x00\x6f\x00\x75\x00\x74\x00\x2e\x00\x73\x00\x76\x00\x67\
\x00\x0a\
\x0f\x6e\x5b\x87\
\x00\x70\
\x00\x79\x00\x74\x00\x68\x00\x6f\x00\x6e\x00\x2e\x00\x73\x00\x76\x00\x67\
\x00\x08\
\x09\xc5\x55\x47\
\x00\x75\
\x00\x73\x00\x65\x00\x72\x00\x2e\x00\x73\x00\x76\x00\x67\
\x00\x15\
\x0f\x38\xf6\x67\
\x00\x61\
\x00\x72\x00\x72\x00\x6f\x00\x77\x00\x2d\x00\x63\x00\x69\x00\x72\x00\x63\x00\x6c\x00\x65\x00\x2d\x00\x6c\x00\x65\x00\x66\x00\x74\
\x00\x2e\x00\x73\x00\x76\x00\x67\
\x00\x13\
\x02\xb7\xb5\x67\
\x00\x61\
\x00\x72\x00\x72\x00\x6f\x00\x77\x00\x2d\x00\x63\x00\x69\x00\x72\x00\x63\x00\x6c\x00\x65\x00\x2d\x00\x75\x00\x70\x00\x2e\x00\x73\
\x00\x76\x00\x67\
\x00\x0a\
\x0c\x91\x6a\xa7\
\x00\x63\
\x00\x61\x00\x6d\x00\x65\x00\x72\x00\x61\x00\x2e\x00\x73\x00\x76\x00\x67\
\x00\x08\
\x0c\x58\x54\xa7\
\x00\x6d\
\x00\x65\x00\x6e\x00\x75\x00\x2e\x00\x73\x00\x76\x00\x67\
\x00\x0b\
\x03\x03\x96\xc7\
\x00\x7a\
\x00\x6f\x00\x6f\x00\x6d\x00\x2d\x00\x69\x00\x6e\x00\x2e\x00\x73\x00\x76\x00\x67\
\x00\x0a\
\x0a\xc8\xf6\x87\
\x00\x66\
\x00\x6f\x00\x6c\x00\x64\x00\x65\x00\x72\x00\x2e\x00\x73\x00\x76\x00\x67\
\x00\x0b\
\x0a\x32\x9b\xa7\
\x00\x74\
\x00\x77\x00\x69\x00\x74\x00\x74\x00\x65\x00\x72\x00\x2e\x00\x73\x00\x76\x00\x67\
\x00\x0f\
\x0f\x22\x69\x47\
\x00\x61\
\x00\x72\x00\x72\x00\x6f\x00\x77\x00\x2d\x00\x72\x00\x69\x00\x67\x00\x68\x00\x74\x00\x2e\x00\x73\x00\x76\x00\x67\
\x00\x10\
\x09\x0a\xf7\x07\
\x00\x61\
\x00\x64\x00\x64\x00\x72\x00\x65\x00\x73\x00\x73\x00\x2d\x00\x63\x00\x61\x00\x72\x00\x64\x00\x2e\x00\x73\x00\x76\x00\x67\
\x00\x0e\
\x08\x18\x36\x27\
\x00\x75\
\x00\x73\x00\x65\x00\x72\x00\x2d\x00\x63\x00\x68\x00\x65\x00\x63\x00\x6b\x00\x2e\x00\x73\x00\x76\x00\x67\
\x00\x0e\
\x08\xa5\xc5\xc7\
\x00\x6d\
\x00\x69\x00\x6e\x00\x69\x00\x6d\x00\x69\x00\x7a\x00\x65\x00\x2d\x00\x32\x00\x2e\x00\x73\x00\x76\x00\x67\
\x00\x09\
\x0b\x9e\x89\x07\
\x00\x63\
\x00\x68\x00\x65\x00\x63\x00\x6b\x00\x2e\x00\x73\x00\x76\x00\x67\
\x00\x0b\
\x09\xb7\x29\xd9\
\x00\x69\
\x00\x63\x00\x6f\x00\x6e\x00\x73\x00\x5f\x00\x72\x00\x63\x00\x2e\x00\x70\x00\x79\
"

qt_resource_struct_v1 = b"\
\x00\x00\x00\x00\x00\x02\x00\x00\x00\x01\x00\x00\x00\x01\
\x00\x00\x00\x00\x00\x02\x00\x00\x00\x01\x00\x00\x00\x02\
\x00\x00\x00\x00\x00\x02\x00\x00\x00\x28\x00\x00\x00\x03\
\x00\x00\x00\x64\x00\x00\x00\x00\x00\x01\x00\x00\x03\xcf\
\x00\x00\x02\x4e\x00\x00\x00\x00\x00\x01\x00\x00\x1e\x74\
\x00\x00\x00\x2e\x00\x00\x00\x00\x00\x01\x00\x00\x01\x35\
\x00\x00\x01\x56\x00\x00\x00\x00\x00\x01\x00\x00\x10\x0f\
\x00\x00\x02\x06\x00\x00\x00\x00\x00\x01\x00\x00\x1b\x24\
\x00\x00\x03\x36\x00\x00\x00\x00\x00\x01\x00\x00\x31\x23\
\x00\x00\x03\x92\x00\x00\x00\x00\x00\x01\x00\x00\x36\x24\
\x00\x00\x02\x1c\x00\x00\x00\x00\x00\x01\x00\x00\x1c\x2a\
\x00\x00\x00\x4e\x00\x00\x00\x00\x00\x01\x00\x00\x02\x75\
\x00\x00\x01\x34\x00\x00\x00\x00\x00\x01\x00\x00\x0e\xd3\
\x00\x00\x01\xca\x00\x00\x00\x00\x00\x01\x00\x00\x17\xde\
\x00\x00\x01\x1e\x00\x00\x00\x00\x00\x01\x00\x00\x0d\x88\
\x00\x00\x01\xb2\x00\x01\x00\x00\x00\x01\x00\x00\x16\xca\
\x00\x00\x02\xb8\x00\x00\x00\x00\x00\x01\x00\x00\x26\xac\
\x00\x00\x00\xca\x00\x00\x00\x00\x00\x01\x00\x00\x09\x21\
\x00\x00\x01\x9c\x00\x00\x00\x00\x00\x01\x00\x00\x15\x69\
\x00\x00\x04\x2e\x00\x00\x00\x00\x00\x01\x00\x00\x3f\x39\
\x00\x00\x00\x7a\x00\x00\x00\x00\x00\x01\x00\x00\x05\x1f\
\x00\x00\x04\x50\x00\x00\x00\x00\x00\x01\x00\x00\x40\xa7\
\x00\x00\x02\xa2\x00\x00\x00\x00\x00\x01\x00\x00\x25\x25\
\x00\x00\x00\x94\x00\x00\x00\x00\x00\x01\x00\x00\x06\x52\
\x00\x00\x00\xe4\x00\x00\x00\x00\x00\x01\x00\x00\x0a\x5d\
\x00\x00\x04\x08\x00\x00\x00\x00\x00\x01\x00\x00\x3b\xb6\
\x00\x00\x04\x8a\x00\x01\x00\x00\x00\x01\x00\x00\x43\x3f\
\x00\x00\x02\xf0\x00\x00\x00\x00\x00\x01\x00\x00\x2d\xa2\
\x00\x00\x00\x10\x00\x00\x00\x00\x00\x01\x00\x00\x00\x00\
\x00\x00\x02\x64\x00\x00\x00\x00\x00\x01\x00\x00\x20\x55\
\x00\x00\x03\xc8\x00\x00\x00\x00\x00\x01\x00\x00\x38\xe6\
\x00\x00\x02\x86\x00\x00\x00\x00\x00\x01\x00\x00\x21\xe4\
\x00\x00\x01\x06\x00\x00\x00\x00\x00\x01\x00\x00\x0b\x94\
\x00\x00\x03\xae\x00\x00\x00\x00\x00\x01\x00\x00\x37\xb0\
\x00\x00\x01\x86\x00\x00\x00\x00\x00\x01\x00\x00\x12\x5b\
\x00\x00\x04\x72\x00\x00\x00\x00\x00\x01\x00\x00\x42\x3a\
\x00\x00\x00\xb4\x00\x00\x00\x00\x00\x01\x00\x00\x07\xe1\
\x00\x00\x03\x7c\x00\x00\x00\x00\x00\x01\x00\x00\x34\xcb\
\x00\x00\x03\x62\x00\x00\x00\x00\x00\x01\x00\x00\x33\x68\
\x00\x00\x03\xe4\x00\x00\x00\x00\x00\x01\x00\x00\x3a\x7d\
\x00\x00\x03\x06\x00\x00\x00\x00\x00\x01\x00\x00\x2e\xda\
\x00\x00\x02\xd6\x00\x00\x00\x00\x00\x01\x00\x00\x28\x0d\
\x00\x00\x01\xec\x00\x00\x00\x00\x00\x01\x00\x00\x19\x16\
"

qt_resource_struct_v2 = b"\
\x00\x00\x00\x00\x00\x02\x00\x00\x00\x01\x00\x00\x00\x01\
\x00\x00\x00\x00\x00\x00\x00\x00\
\x00\x00\x00\x00\x00\x02\x00\x00\x00\x01\x00\x00\x00\x02\
\x00\x00\x00\x00\x00\x00\x00\x00\
\x00\x00\x00\x00\x00\x02\x00\x00\x00\x28\x00\x00\x00\x03\
\x00\x00\x00\x00\x00\x00\x00\x00\
\x00\x00\x00\x64\x00\x00\x00\x00\x00\x01\x00\x00\x03\xcf\
\x00\x00\x01\x79\x60\x95\xc2\x90\
\x00\x00\x02\x4e\x00\x00\x00\x00\x00\x01\x00\x00\x1e\x74\
\x00\x00\x01\x79\x60\x95\xc2\x90\
\x00\x00\x00\x2e\x00\x00\x00\x00\x00\x01\x00\x00\x01\x35\
\x00\x00\x01\x79\x60\x95\xc2\x90\
\x00\x00\x01\x56\x00\x00\x00\x00\x00\x01\x00\x00\x10\x0f\
\x00\x00\x01\x7f\x2d\xdf\xbe\x05\
\x00\x00\x02\x06\x00\x00\x00\x00\x00\x01\x00\x00\x1b\x24\
\x00\x00\x01\x79\x60\x95\xc2\x90\
\x00\x00\x03\x36\x00\x00\x00\x00\x00\x01\x00\x00\x31\x23\
\x00\x00\x01\x7f\x2d\xdf\xbe\x4c\
\x00\x00\x03\x92\x00\x00\x00\x00\x00\x01\x00\x00\x36\x24\
\x00\x00\x01\x79\x60\x95\xc2\x90\
\x00\x00\x02\x1c\x00\x00\x00\x00\x00\x01\x00\x00\x1c\x2a\
\x00\x00\x01\x7f\x2d\xdf\xbe\x34\
\x00\x00\x00\x4e\x00\x00\x00\x00\x00\x01\x00\x00\x02\x75\
\x00\x00\x01\x79\x60\x95\xc2\x90\
\x00\x00\x01\x34\x00\x00\x00\x00\x00\x01\x00\x00\x0e\xd3\
\x00\x00\x01\x79\x60\x95\xc2\x90\
\x00\x00\x01\xca\x00\x00\x00\x00\x00\x01\x00\x00\x17\xde\
\x00\x00\x01\x79\x60\x95\xc2\x90\
\x00\x00\x01\x1e\x00\x00\x00\x00\x00\x01\x00\x00\x0d\x88\
\x00\x00\x01\x79\x60\x95\xc2\x90\
\x00\x00\x01\xb2\x00\x01\x00\x00\x00\x01\x00\x00\x16\xca\
\x00\x00\x01\x7f\x30\xa1\xb9\x07\
\x00\x00\x02\xb8\x00\x00\x00\x00\x00\x01\x00\x00\x26\xac\
\x00\x00\x01\x79\x60\x95\xc2\x90\
\x00\x00\x00\xca\x00\x00\x00\x00\x00\x01\x00\x00\x09\x21\
\x00\x00\x01\x79\x60\x95\xc2\x90\
\x00\x00\x01\x9c\x00\x00\x00\x00\x00\x01\x00\x00\x15\x69\
\x00\x00\x01\x79\x60\x95\xc2\x90\
\x00\x00\x04\x2e\x00\x00\x00\x00\x00\x01\x00\x00\x3f\x39\
\x00\x00\x01\x79\x60\x95\xc2\x90\
\x00\x00\x00\x7a\x00\x00\x00\x00\x00\x01\x00\x00\x05\x1f\
\x00\x00\x01\x79\x60\x95\xc2\x90\
\x00\x00\x04\x50\x00\x00\x00\x00\x00\x01\x00\x00\x40\xa7\
\x00\x00\x01\x79\x60\x95\xc2\x90\
\x00\x00\x02\xa2\x00\x00\x00\x00\x00\x01\x00\x00\x25\x25\
\x00\x00\x01\x79\x60\x95\xc2\x90\
\x00\x00\x00\x94\x00\x00\x00\x00\x00\x01\x00\x00\x06\x52\
\x00\x00\x01\x79\x60\x95\xc2\x90\
\x00\x00\x00\xe4\x00\x00\x00\x00\x00\x01\x00\x00\x0a\x5d\
\x00\x00\x01\x79\x60\x95\xc2\x90\
\x00\x00\x04\x08\x00\x00\x00\x00\x00\x01\x00\x00\x3b\xb6\
\x00\x00\x01\x7f\x2d\xdf\xae\xc8\
\x00\x00\x04\x8a\x00\x01\x00\x00\x00\x01\x00\x00\x43\x3f\
\x00\x00\x01\x7f\x31\x13\x95\xe8\
\x00\x00\x02\xf0\x00\x00\x00\x00\x00\x01\x00\x00\x2d\xa2\
\x00\x00\x01\x79\x60\x95\xc2\x90\
\x00\x00\x00\x10\x00\x00\x00\x00\x00\x01\x00\x00\x00\x00\
\x00\x00\x01\x79\x60\x95\xc2\x90\
\x00\x00\x02\x64\x00\x00\x00\x00\x00\x01\x00\x00\x20\x55\
\x00\x00\x01\x79\x60\x95\xc2\x90\
\x00\x00\x03\xc8\x00\x00\x00\x00\x00\x01\x00\x00\x38\xe6\
\x00\x00\x01\x79\x60\x95\xc2\x90\
\x00\x00\x02\x86\x00\x00\x00\x00\x00\x01\x00\x00\x21\xe4\
\x00\x00\x01\x7f\x2e\x13\xa8\xd3\
\x00\x00\x01\x06\x00\x00\x00\x00\x00\x01\x00\x00\x0b\x94\
\x00\x00\x01\x7f\x2d\xe0\x11\x93\
\x00\x00\x03\xae\x00\x00\x00\x00\x00\x01\x00\x00\x37\xb0\
\x00\x00\x01\x79\x60\x95\xc2\x90\
\x00\x00\x01\x86\x00\x00\x00\x00\x00\x01\x00\x00\x12\x5b\
\x00\x00\x01\x7f\x2d\xdf\xb1\xfc\
\x00\x00\x04\x72\x00\x00\x00\x00\x00\x01\x00\x00\x42\x3a\
\x00\x00\x01\x79\x60\x95\xc2\x90\
\x00\x00\x00\xb4\x00\x00\x00\x00\x00\x01\x00\x00\x07\xe1\
\x00\x00\x01\x79\x60\x95\xc2\x90\
\x00\x00\x03\x7c\x00\x00\x00\x00\x00\x01\x00\x00\x34\xcb\
\x00\x00\x01\x79\x60\x95\xc2\x90\
\x00\x00\x03\x62\x00\x00\x00\x00\x00\x01\x00\x00\x33\x68\
\x00\x00\x01\x79\x60\x95\xc2\x90\
\x00\x00\x03\xe4\x00\x00\x00\x00\x00\x01\x00\x00\x3a\x7d\
\x00\x00\x01\x79\x60\x95\xc2\x90\
\x00\x00\x03\x06\x00\x00\x00\x00\x00\x01\x00\x00\x2e\xda\
\x00\x00\x01\x7f\x2d\xdf\xbe\x1c\
\x00\x00\x02\xd6\x00\x00\x00\x00\x00\x01\x00\x00\x28\x0d\
\x00\x00\x01\x7f\x2e\x09\xe7\xe6\
\x00\x00\x01\xec\x00\x00\x00\x00\x00\x01\x00\x00\x19\x16\
\x00\x00\x01\x79\x60\x95\xc2\x90\
"

qt_version = [int(v) for v in QtCore.qVersion().split('.')]
if qt_version < [5, 8, 0]:
    rcc_version = 1
    qt_resource_struct = qt_resource_struct_v1
else:
    rcc_version = 2
    qt_resource_struct = qt_resource_struct_v2

def qInitResources():
    QtCore.qRegisterResourceData(rcc_version, qt_resource_struct, qt_resource_name, qt_resource_data)

def qCleanupResources():
    QtCore.qUnregisterResourceData(rcc_version, qt_resource_struct, qt_resource_name, qt_resource_data)

qInitResources()
